/*
SQLyog Ultimate v12.09 (64 bit)
MySQL - 8.0.32 : Database - activity
*********************************************************************
*/

/*!40101 SET NAMES utf8 */;

/*!40101 SET SQL_MODE=''*/;

/*!40014 SET @OLD_UNIQUE_CHECKS=@@UNIQUE_CHECKS, UNIQUE_CHECKS=0 */;
/*!40014 SET @OLD_FOREIGN_KEY_CHECKS=@@FOREIGN_KEY_CHECKS, FOREIGN_KEY_CHECKS=0 */;
/*!40101 SET @OLD_SQL_MODE=@@SQL_MODE, SQL_MODE='NO_AUTO_VALUE_ON_ZERO' */;
/*!40111 SET @OLD_SQL_NOTES=@@SQL_NOTES, SQL_NOTES=0 */;
CREATE DATABASE /*!32312 IF NOT EXISTS*/`activity` /*!40100 DEFAULT CHARACTER SET utf8mb4 COLLATE utf8mb4_0900_ai_ci */ /*!80016 DEFAULT ENCRYPTION='N' */;

USE `activity`;

/*Table structure for table `activity_activity` */

DROP TABLE IF EXISTS `activity_activity`;

CREATE TABLE `activity_activity` (
  `activity_id` int NOT NULL AUTO_INCREMENT COMMENT '活动id',
  `classification_id` int NOT NULL COMMENT '分类id',
  `activity_name` varchar(64) NOT NULL COMMENT '活动名称',
  `time_id` varchar(64) NOT NULL COMMENT '时间id（数组）',
  `activity_staff_id` varchar(64) NOT NULL COMMENT '活动职工id（数组）',
  `activity_describe` varchar(256) NOT NULL COMMENT '活动描述',
  `browse_sum` int NOT NULL DEFAULT '1' COMMENT '浏览次数',
  `activity_age` varchar(32) CHARACTER SET utf8mb4 COLLATE utf8mb4_0900_ai_ci NOT NULL DEFAULT '[6,14]' COMMENT '年龄限制（数组）',
  `activity_status` int NOT NULL DEFAULT '1' COMMENT '活动状态',
  `agreement_id` int DEFAULT NULL COMMENT '协议id',
  `staff_id` int NOT NULL COMMENT '职工id',
  `publish_time` timestamp NULL DEFAULT CURRENT_TIMESTAMP COMMENT '发布时间',
  `activity_price` varchar(16) NOT NULL COMMENT '活动价格',
  PRIMARY KEY (`activity_id`)
) ENGINE=InnoDB AUTO_INCREMENT=21 DEFAULT CHARSET=utf8mb4 COLLATE=utf8mb4_0900_ai_ci;

/*Data for the table `activity_activity` */

insert  into `activity_activity`(`activity_id`,`classification_id`,`activity_name`,`time_id`,`activity_staff_id`,`activity_describe`,`browse_sum`,`activity_age`,`activity_status`,`agreement_id`,`staff_id`,`publish_time`,`activity_price`) values (1,1,'2023年暑期夏令营','[1,2]','[2]','活动1的描述',108,'[6,14]',1,1,1,'2023-03-27 15:42:06','55'),(2,2,'2023年冬令营','[3]','[1,2]','活动2的描述',45,'[6,14]',1,1,1,'2023-03-27 20:05:00','65');

/*Table structure for table `activity_agreement` */

DROP TABLE IF EXISTS `activity_agreement`;

CREATE TABLE `activity_agreement` (
  `agreement_id` int NOT NULL AUTO_INCREMENT COMMENT '协议id',
  `agreement_name` varchar(32) NOT NULL COMMENT '协议名称',
  `agreement_content` longtext NOT NULL COMMENT '协议内容',
  `create_time` timestamp NOT NULL DEFAULT CURRENT_TIMESTAMP COMMENT '创建时间',
  PRIMARY KEY (`agreement_id`)
) ENGINE=InnoDB AUTO_INCREMENT=11 DEFAULT CHARSET=utf8mb4 COLLATE=utf8mb4_0900_ai_ci;

/*Data for the table `activity_agreement` */

insert  into `activity_agreement`(`agreement_id`,`agreement_name`,`agreement_content`,`create_time`) values (1,'2023年天狼暑期夏令营协议','<p style=\"text-align: center;\"><span style=\"font-size: 22px;\"><strong>2023年天狼暑期夏令营协议</strong></span></p><p style=\"text-align: left;\"><strong>甲方：合肥天狼教育咨询有限公司</strong></p><p style=\"text-align: left;\"><strong>乙方：</strong></p><p style=\"text-align: left;\"><strong>营员姓名:</strong></p><p style=\"text-align: left;\"><strong>活动日期：</strong></p><p style=\"text-align: left;\"><strong>网址:www.hftljy.com 联系方式:13866688500</strong></p><p style=\"text-align: left;\">为对青少年进行励志教育，提高青少年的精神素养，根据《中华人民共和国合同法》、《中华人民共和国民法典》、《中华人民共和国未成年人保护法》及国家有关管理规定，经友好协商，甲、乙双方就甲方子女自愿参加由乙方组织的青青部落高端主题夏冬令营活动事宜，达成如下协议，以资恪守:</p><p style=\"text-align: left;\">1、服务内容:封闭式营地管理，特色课程，优秀高校辅导员全程陪同，全面提升自身能力和素质，启发营员发现更棒的自己。</p><p style=\"text-align: left;\">2、乙方负责统筹安排营期内的全部活动，构建全方位的全程安全管理体系，乙方负责营期内的保险、市内交通、住宿、餐饮、景点门票等服务。</p><p style=\"text-align: left;\"><strong>费用:3980元/人</strong></p><p style=\"text-align: left;\"><strong>甲方: </strong>合肥天狼教育咨询有限公司</p><p style=\"text-align: left;\"><strong>乙方:</strong></p><p style=\"text-align: left;\"><strong>签约时间:</strong></p>','2023-04-11 13:56:07'),(10,'测试','<p>测试</p>','2023-05-14 14:13:25');

/*Table structure for table `activity_album` */

DROP TABLE IF EXISTS `activity_album`;

CREATE TABLE `activity_album` (
  `album_id` int NOT NULL AUTO_INCREMENT COMMENT '相册id',
  `time_id` int NOT NULL COMMENT '时间id',
  `activity_name` varchar(64) NOT NULL COMMENT '活动名称',
  `album_header_path` varchar(256) CHARACTER SET utf8mb4 COLLATE utf8mb4_0900_ai_ci NOT NULL COMMENT '相册头图',
  `album_status` int NOT NULL DEFAULT '1' COMMENT '相册状态',
  `staff_id` int NOT NULL COMMENT '职工id',
  `create_time` timestamp NOT NULL DEFAULT CURRENT_TIMESTAMP COMMENT '创建时间',
  PRIMARY KEY (`album_id`)
) ENGINE=InnoDB AUTO_INCREMENT=11 DEFAULT CHARSET=utf8mb4 COLLATE=utf8mb4_0900_ai_ci;

/*Data for the table `activity_album` */

insert  into `activity_album`(`album_id`,`time_id`,`activity_name`,`album_header_path`,`album_status`,`staff_id`,`create_time`) values (1,1,'2023年暑期夏令营','http://localhost:8080/images/album_header/1.jpg',1,1,'2023-03-28 09:58:00'),(2,2,'2023年暑期夏令营','http://localhost:8080/images/album_header/2.jpg',1,1,'2023-03-28 09:58:40'),(3,3,'2023年冬令营','http://localhost:8080/images/album_header/3.jpg',1,1,'2023-03-28 11:10:05');

/*Table structure for table `activity_classification` */

DROP TABLE IF EXISTS `activity_classification`;

CREATE TABLE `activity_classification` (
  `classification_id` int NOT NULL AUTO_INCREMENT COMMENT '分类id',
  `classification_name` varchar(32) CHARACTER SET utf8mb4 COLLATE utf8mb4_0900_ai_ci NOT NULL COMMENT '分类名称',
  `classification_explain` varchar(64) CHARACTER SET utf8mb4 COLLATE utf8mb4_0900_ai_ci NOT NULL COMMENT '分类说明',
  PRIMARY KEY (`classification_id`)
) ENGINE=InnoDB AUTO_INCREMENT=19 DEFAULT CHARSET=utf8mb4 COLLATE=utf8mb4_0900_ai_ci;

/*Data for the table `activity_classification` */

insert  into `activity_classification`(`classification_id`,`classification_name`,`classification_explain`) values (1,'夏令营','夏令营'),(2,'冬令营','冬令营'),(3,'国庆营','国庆营'),(4,'周末营','周末营'),(5,'主题烧烤','主题烧烤'),(6,'一日活动','一日活动'),(17,'测试','测试'),(18,'233','e233');

/*Table structure for table `activity_collection` */

DROP TABLE IF EXISTS `activity_collection`;

CREATE TABLE `activity_collection` (
  `collection_id` int NOT NULL AUTO_INCREMENT COMMENT '收藏id',
  `activity_id` int NOT NULL COMMENT '活动id',
  `user_id` int NOT NULL COMMENT '用户id',
  `create_time` timestamp NOT NULL DEFAULT CURRENT_TIMESTAMP COMMENT '收藏时间',
  PRIMARY KEY (`collection_id`)
) ENGINE=InnoDB AUTO_INCREMENT=17 DEFAULT CHARSET=utf8mb4 COLLATE=utf8mb4_0900_ai_ci;

/*Data for the table `activity_collection` */

insert  into `activity_collection`(`collection_id`,`activity_id`,`user_id`,`create_time`) values (14,19,15,'2023-05-14 12:49:45'),(16,1,1,'2023-10-30 17:35:31');

/*Table structure for table `activity_contract` */

DROP TABLE IF EXISTS `activity_contract`;

CREATE TABLE `activity_contract` (
  `contract_id` int NOT NULL AUTO_INCREMENT COMMENT '合同id',
  `enroll_id` int NOT NULL COMMENT '报名id',
  `agreement_id` int NOT NULL COMMENT '协议id',
  `autograph_img` longtext COMMENT '签名',
  `create_time` timestamp NOT NULL DEFAULT CURRENT_TIMESTAMP COMMENT '创建时间',
  PRIMARY KEY (`contract_id`)
) ENGINE=InnoDB AUTO_INCREMENT=20 DEFAULT CHARSET=utf8mb4 COLLATE=utf8mb4_0900_ai_ci;

/*Data for the table `activity_contract` */

insert  into `activity_contract`(`contract_id`,`enroll_id`,`agreement_id`,`autograph_img`,`create_time`) values (17,20,9,'data:image/png;base64,iVBORw0KGgoAAAANSUhEUgAAAyAAAAEsCAYAAAA7Ldc6AAAAAXNSR0IArs4c6QAAIABJREFUeF7t3X/QtXldF/C3QvxQYEEXl0AEwiJSWRYlnQIXGlMsGn5IClntLlqNYyMLpelowEoJmrELpOMfNoCTQNM4LJGFKcIGDkSwwEoFicIqCoQ5IQubbEnzWa6zHO49P+9z/b5e18w997P7nHN9v9/X93qe536f768viIsAAQIECBAgQIAAAQI9CXxBT+UohgABAgQIECBAgAABAhFAPAQECBAgQIAAAQIECPQmIID0Rq0gAgQIECBAgAABAgQEEM8AAQIECBAgQIAAAQK9CQggvVEriAABAgQIECBAgAABAcQzQIAAAQIECBAgQIBAbwICSG/UCiJAgAABAgQIECBAQADxDBAgQIAAAQIECBAg0JuAANIbtYIIECBAgAABAgQIEBBAPAMECBAgQIAAAQIECPQmIID0Rq0gAgQIECBAgAABAgQEEM8AAQIECBAgQIAAAQK9CQggvVEriAABAgQIECBAgAABAcQzQIAAAQIECBAgQIBAbwICSG/UCiJAgAABAgQIECBAQADxDBAgQIAAAQIECBAg0JuAANIbtYIIECBAgAABAgQIEBBAPAMECBAgQIAAAQIECPQmIID0Rq0gAgQIECBAgAABAgQEEM8AAQIECBAgQIAAAQK9CQggvVEriAABAgQIECBAgAABAcQzQIAAAQIECBAgQIBAbwICSG/UCiJAgAABAgQIECBAQADxDBAgQIAAAQIECBAg0JuAANIbtYIIECBAgAABAgQIEBBAPAMECBAgQIAAAQIECPQmIID0Rq0gAgQIECBAgAABAgQEEM8AAQIECBAgQIAAAQK9CQggvVEriAABAgQIECBAgAABAcQzQIAAAQIECBAgQIBAbwICSG/UCiJAgAABAgQIECBAQADxDBAgQIAAAQIECBAg0JuAANIbtYIIECBAgAABAgQIEBBAPAMECBAgQIAAAQIECPQmIID0Rq0gAgQIECBAgAABAgQEEM8AAQIECBAgQIAAAQK9CQggvVEriAABAgQIECBAgAABAcQzQIAAAQIECBAgQIBAbwICSG/UCiJAgAABAgQIECBAQADxDBAgQIAAAQIECBAg0JuAANIbtYIIECBAgAABAgQIEBBAPAMECBAgQIAAAQIECPQmIID0Rq0gAgQIECBAgAABAgQEEM8AAQIECBAgQIAAAQK9CQggvVEriAABAgQIECBAgAABAcQzQIAAAQIECBAgQIBAbwICSG/UCiJAgAABAgQIECBAQADxDBAgQIAAAQIECBAg0JuAANIbtYIIECBAgAABAgQIEBBAPAMECBAgQIAAAQIECPQmIID0Rq0gAgQIECBAgAABAgQEEM8AAQIECBAgQIAAAQK9CQggvVEriAABAgQIECBAgAABAcQzQIAAAQIECBAgQIBAbwICSG/UCiJAgAABAgQIECBAQADxDBAgQIAAAQIECBAg0JuAANIbtYIIECBAgAABAgQIEBBAPAMECBAgQIAAAQIECPQmIID0Rq0gAgQIECBAgAABAgQEEM8AAQIECBAgQIAAAQK9CQggvVEriAABAgQIECBAgAABAcQzQIAAAQIECBAgQIBAbwICSG/UCiJAgAABAgQIECBAQADxDBAgQIAAAQIECBAg0JuAANIbtYIIECBAgAABAgQIEBBAPAMECBAgQIAAAQIECPQmIID0Rq0gAgQIECBAgAABAgQEEM8AAQIECBAgQIAAAQK9CQggvVEriAABAgQIECBAgAABAcQzQIAAAQIECBAgQIBAbwICSG/UCiJAgAABAgQIECBAQADxDBAgQIAAAQIECBAg0JuAANIbtYIIECBAgAABAgQIEBBAPAMECBAgQIAAAQIECPQmIID0Rq0gAgQIECBAgAABAgQEEM8AAQIECBAgQIAAAQK9CQggvVEriAABAgQIECBAgAABAcQzQIAAAQIECBAgQIBAbwICSG/UCiJAgAABAgQIECBAQADxDBAgQIAAAQIECBAg0JuAANIbtYIIECBAgAABAgQIEBBAPAMECBAgQIAAAQIECPQmIID0Rq0gAgQIECBAgAABAgQEEM8AAQIECBAgQIAAAQK9CQggvVEriAABAgQIECBAgAABAcQzQIAAAQIECBAgQIBAbwICSG/UCiJAgAABAgQIECBAQADxDBAgQIAAAQIECBAg0JuAANIbtYIIECBAgAABAgQIEBBAPAMECBAgQIAAAQIECPQmIID0Rq0gAgQIECBAgAABAgQEEM8AAQIECBAgQIAAAQK9CQggvVEriAABAgQITFLgnkkubmr+mCQPT/IXknwiyW8n+fhIWvWQJFXXm5K8P8kfjaReVY0HJ7l3ks8k+UCS32rq+cnGsb5Xvc9+nf3/N4+oTapC4NwCAsi56byRAAECBAjMQuCBSR6QpL6vf9UP8xU2XOMS+MMDgsp6kFkPMRUaz4aasQTIcSmrTacCAkinvG5OgAABAgQGF7h0bfSiflmhYhUu6ruLwB8n+ViStyX5YJIbz3z9T0QE2hQQQNrUdC8CBAgQINC/wKOT/O0kFyb5cJKHrgWM/mujxDkKfOpMIDkbUn6vmV42x7ZrUwcCAkgHqG5JgAABAgQ6EqjRi1qPUd/rq9ZkuAiMQaDWtaxGTmqdS60PWv13/Z6LwG0CAoiHgQCBOQmsL5atdq2mmtSv6/cel+TLktyhWThbnxb/3xMB7pbkvknunKTmZtc/urXQtMvrjk07viTJLUl+JcnrmqkT13VZsHv3KiBs9MqtsI4FPtQswP+dJpjUKEoFk/r/7+24bLcfmYAAMrIOUR0CBG4VqAWx35DkI43H2SCxvjB2/ffwfVag/mGvrzeu/VowGffTMfaw8e4k/zvJu5oF0F+UpH6QrE+6x3LdJ8lXJKn1CvX8j+mqet2j+cDjN5PUBxerr7s2v7f+/9Z//cXNa+e+XqfWoJRNBZLVyEntZva7SepDl+vH1KHqcpqAAHKan3cTINCOQP3DWgtlvyXJ32r+sW3nzu6yLiCYjON5GFvYqF2QKlisAkYpVXhd/z4OObUogS89E2AqDN79zP+r0LL+/1Yhpl5bQagCzgXNyHCNCE/hqpHl+lDqzUl+owm/FVAqtFQYdk1IQACZUGepKoEZCawCR81fX50rMKPmTa4pgkm3XfaiJH+++WHvz3Zb1Ma7r49eVMhY9ffq+wBVUuSIBO7UjBzVKE193X/tv1e/rgAz5qvOfKnpXBVGzn7VKN2nx1z5JdZNAFlir2szgf4FBI7+zdsoUTA5v2Kdp/EDSf5us+bo/Hfa/8462+EPmmBRc+lf1bxlNYqx/w5eQWC3QK032xRMVoHlfj0856f0UY2QbAonNZJSa/dcPQsIID2DK47AzAVqNKOGyev7XZI8JUnNy67hftd8BGrhfoWTn0vykmbqznxad1pLnpjksiT1vYtrNV2qwkVNm6qvsa136KLd7jl+gfXRk/Wwsvr/FWLGeFV4r6lc6yMoq/+u9SeuDgQEkA5Q3ZLAjAW+owkTX960cbUF6Ji2Al1fbH12ikn90PaVzULQ+uSrratC1r2TvK/nof4/naQ+efwTTehbnWjdVrsOvU+5Xpuk7OsH4qVdNcJXoePK5iTxttovbLQl6T5jEKgPpervqF0jKfWaMV3/Z8PUrtX6k/8xpopOrS4CyNR6TH0J9C9Q/2A8P8m3J/nCHouvv/g/2uyIUp9GrX/Kuz61xDz223dKBcLqt/pa/bp2Fuvjqv6oMFJ99Jo+ChywjFpM/owkl7dQB2GjBUS3mLxAbZO+PpKyOuvmTzY7YY1twXzt1rWa2rUaNamRlAonN02+NzpsgADSIa5bE5i4QNdTSc7y1F/k9UPr6su0kvYfoCGCSYWR1ejIXPq0AkcFj/XtoI/pLWHjGC2vJfA5gQuT1MhvjWQ/OMmfSfKnkjy02d1rTFa/3+zOVVNWP9lsI/yyJL8+pkoOVRcBZCh55RIYp0B9Yl5TSeoHrPp1l5fA0aXucffuK5jU9KwKmC+f4FSt+vOwGu04z3kMNT3vXzVfcwlixz1lXk2gW4HanriCyeqrgsoqrIxp/UntyPXfktxw5qtG/BdzCSCL6WoNJbBToI/RjppS9YtJ/t3aAXm6ZdwCZ4NJfeJfZwe0cdV2sOtTteq/x3id8mejRjrqE89rLBQfY9eq04IE6uyT2gJ7PZysfl2jKmO46gDNCiW1bfYqnPzXJLeMoXJt10EAaVvU/QhMR6CL0Y6z5w3UJ961qPAtzcm209FR020C9en/FUkubtaXtLW2ZEwL2atNP5bkm5LUnPRjr/pzUKGjwoeLAIFxC9SBjTWFq6ZynZ3eVZuLDHnV9K0aPV0FklU4mfzuXALIkI+VsgkMI3DKJ7pV4/qk+vVJ3nPm9OSxfoI9jPJySq1RkXqm6qtCSRvXkAvZX5HkqUnO8+9jTS2r4LHEncDa6Hf3IDA2gdpCvtaZbBo5qd0Ph7rq7JLrk7xzbTrX24aqzHnKPc9fsOcpx3sIEBhW4GFJfnztfI5ja2MqybFiy3x9jY6swkhN32prutaHm+l739/hmSMVpH4+yZ87sutqLdNqtEMIPxLPywlMWOCLdoycDBVOavetWl/yjmaxe42c1Enwo7sEkNF1iQoRaE2gfhh8QpLvTvKoc961znWoaSSmkpwTcOFvqxCyCiRtTdVa7apVW/y28QN//Tl5TnOGxzHdVeXXn4uqj4sAAQLrAndtwkmNCn9bkjo764ubkZS+pT7RTOGqEZPV4vcapf1U3xVZL08AGVJf2QS6Eagf+lYnMZ9ntx6jHd30y9LvWmuOKozU81nBuI3r1DBS9bn6iB3f/Nloo9fcg8CyBb4uSc1K+KoklzS/rh28+r7q77OXrm2T3mv5Akiv3Aoj0JlAGwvKjXZ01j1ufEaggvFqdKS+tzE6ckwYqT8vFTwqgBxy1bSGOozTSOAhWl5DgMCxAvdrAskjknxNE0q++tibnPj61a6E9bNA5+vYBJATe8vbCQwosJpiVWd21A9x57l8onseNe9pW6Dthey7wsiVzZSrQ0YHa1/+pyf592032P0IECBwgEAFkgoi66MlFx3wvlNfsr5NegWS1s8uEkBO7SLvJ9C/QK3nqMWy9YnJHc5ZfG3h9yM+0T2nnrd1KbBayP7Xk3xzkjueWNgqjPxWkhcfeHp5BfMKKkY8TsT3dgIEWheoQxUrmNQ0rlpjUt/rQ5wur/WdCSuQnLz+TgDpsrvcm0D7As9M8sJz3rZ2EvqNJD+c5M3nvIe3EehboILAU5p/ZGu//q6v2kq3yjz5H9iuK+r+BAgQaATqw8iHnAklFUxq8XsXV03RWp+ydXQZAsjRZN5AYDCB5zZTR46tQP1AtfoU+Nj3ej2BMQmsdtSq721t8btqX22nW9MZ60BEFwECBOYgUH9P1uhIjZjUNK7HNbMn2m7b0etHBJC2u8D9CLQvUFNSaqeKQxfMVg1WJzHXXwo+yW2/T9xxeIE2w8h7k7wgSVtb+w6vowYECBDYLlChpNaOrr7a/ECnDkmsKa9vT/JT2xa0CyAeTwLjFqi/JCp8HDK/sz7BrcBRh6K1vmBs3Exqt3CBNsPIMbtpLZxd8wkQmInAehi5tOU21TkkdTBijS7X1K1b15AIIC0rux2BFgXqh6oKH/t26/m1JD/pQLQW5d1qygLf2Sw2r4Wap161buonmlB/6r28nwABAlMQWG2TvgoltdC97euDAkjbpO5HoB2BGsV4xp5b1RahtVPQm9op0l0IzEKgRjDaOuhwBfKrzWnGpjPO4hHRCAIEjhCoc5PWR0jaOLcpAsgRPeClBHoQqD/kr0xynz1l1RBmjZD4gaiHTlHEZARq29zLdtT2PUnuf84F7PVnrTaCeNFkNFSUAAEC7Qu0sn5EAGm/Y9yRwHkEKng858ADBesHoNom1EWAwOcEagermrK47bqqCRD1+6esGal5zLUdducnBetcAgQITEDgXOtHBJAJ9KwqzlrgmODhcLRZPwoad4JABYpX73h/bUVdAWXTdd4wUtMkK9QYhTyh47yVAIFZCdT6kSuaabB1BsmDt7VOAJlVv2vMhATqNPPXHrDAfNWkWu9R+3f71HVCnayqvQjUdIA37PizVFtSH7KL3Gpk5OlJ/mqSLzyg9rXbXI2G1LoTFwECBAjcXqD+/l1N26rvty5qF0A8KgT6F6jTSd954A84Vbv6hPVBPmntv6OUOHqB+rTtA3vCR40yHjtKUfet/ev/xoECNS2rPvWz/fWBYF5GgMCiBR4jgCy6/zV+IIE69OwhB5T9x80OV/UDlIsAgc8XqJBQIx/bRjdqymL92Tll1LDuXVOtDtkXv0LOalqWviJAgACBHQICiMeDQL8CtXj86j1F1g9O9YNMfR37yW2/rVEageEErk9yyY7i6/dOCR/rt64/t7UD1iGnBdcoSI2G1KiIiwABAgQ2CAggHgsC/QnUp6k19Wrb9cnmQEHBo78+UdI0BeqH+12jEhUAakveNq8acak/m7u2+V0vr8qv9SE+RGizF9yLAIFZCAggs+hGjZiAQP3wUuGjDvTZdP3nZpG5H1Ym0JmqOKhAbeCw6/DN9e12u6hoTeuqcHHIYVzODumiB9yTAIHJCwggk+9CDZiIQM1V37aW45hdeibSXNUk0JlA7R73+C1337XdbtsVqilZNTXrkGlZzg5pW9/9CBCYtIAAMunuU/mJCLwiydO21LXWe9TULLvnTKQzVXNQgRpJvDHJPTbU4veT3Lvn2tWIZo2GHLJIvarm7JCeO0hxBAiMU0AAGWe/qNV8BP5Kkl/c0ZwnOUNgPp2tJZ0L7NrEofaWv6HzGmwuoA4zrHBxyLSsTyV5cZIfGqiuiiVAgMDgAgLI4F2gAjMX+EiSi7a08UXNFI6ZE2gegdYEaqRw0w/5rzzizI7WKnPmRjU6U9OynnFgAdWW+gCirZ26DizWywgQIDC8gAAyfB+owXwF6oeR52xp3hDTReYrrWVLELg8yUu3NPSxI9r29pizQ6o5dstawtOrjQQIfJ6AAOKBINCNwKOT/Kctt64DBmvO+Ju7KdpdCcxSYNvWu9ft2OBhSIhjzg5xiOGQPaVsAgR6FxBAeidX4EIEPpHkblva+jeT/PxCHDSTQBsCtYNc7SS36erizI826lz3OPbskJqWVWeHXNtWBdyHAAECYxQQQMbYK+o0dYGfTfJdWxrxmiS1YNVFgMDhAjVNadMBgLUj1razdQ6/e/evfGqS2iL4TgcWZdveA6G8jACBaQoIINPsN7Uet8DNSe6yoYp/lOQ+TkYed+ep3egEKmB8YEutarSgdp+ayvUvkjw9yV0PrLD1IQdCeRkBAtMSEECm1V9qO36B5yf5wS3VfFaSq8ffBDUkMCqBChibdpaqM3QqnNT6iSldx+6WZX3IlHpXXQkQOEhAADmIyYsIHCxwS5I7bnj1R5vRj4Nv5IUECNy6hqJGP+r72Wvq21gfe4ih9SH+QBAgMBsBAWQ2XakhIxD43iQ1xWLTNaZtQkdApQoEDhLYdfDgg5LUD+VTv2qBfU21OuQQw2qr9SFT73H1J0AgAoiHgEB7Av84yY9uuN2nk9y5vWLcicBiBD6W5MINra0F3XUuyJyuY7btrXZbHzKn3tcWAgsTEEAW1uGa26nA9yWpaSFnr9qS9x6dluzmBOYn8JIkf39Ls+Y6omh9yPyeYy0iQGCDgADisSDQnsDDkrx7w+1uSHJxe8W4E4FFCHx4y7qptyd55MwFrA+ZeQdrHoGlCwggS38CtL9tgV9O8k1rN62td78hybvaLsj9CMxcoHZ/umBDG38syQ/PvO2r5h27PuQjSWoq179eiI9mEiAwUQEBZKIdp9qjFqhpI09IUj8MfE+Sm0ZdW5UjME6B301y3w1Ve1SSXxtnlTur1bHrQ/5lku/urDZuTIAAgRMFBJATAb2dAAECBDoReGuSrxdAbhM4dn3Ic5Nc1UnPuCkBAgROFBBATgT0dgIECBDoRODNSf6iAHI7gWPWh9ROWVd00jtuSoAAgRMEBJAT8LyVAAECBDoTEEB20x66PqTODXnSBE+M7+zBcmMCBIYXEECG7wM1IECAAIHbCwgghz0V/yzJP0h2nutVm2DU1sW1sN9FgACBwQUEkMG7QAUIECBAYIOAAHL4Y/HoJK9Jcq8db6nwUSHEjnyHu3olAQIdCQggHcG6LQECBAicJCCAHMdXi9RrutWuM4cqhNR0rHqdiwABAoMJCCCD0SuYAAECBHYICCDHPx4VQmrheW0Dvuuqhen1OhcBAgQGERBABmFXKAECBAjsEXhLc4jn2Zct8RyQYx+WCheX7XmTbXqPVfV6AgRaExBAWqN0IwIECBBoUWDbQYR/OcmvtFjOXG9Vhxdevadxtumda+9rF4GRCwggI+8g1SNAgMBCBT6e5B4b2v49SX5moSbHNvvyJC/d86a3J6lQZ4esY3W9ngCBcwsIIOem80YCBAgQ6FDgo0m+bMP9n5zk1R2WO7dbP7xZdH7BjobdnOShSW6cW+O1hwCBcQoIIOPsF7UiQIDA0gWuT3LJBgRrQI5/MiqEXJvkAXtCyH2NhByP6x0ECBwvIIAcb+YdBAgQINC9gF2w2jU+ZJve9zUL/03Hatfe3QgQOCMggHgkCBAgQGCMAgJI+71yyDa9Tk1v390dCRAQQDwDBAgQIDABAQGku07aZrsqUQjpzt6dCRBIYgTEY0CAAAECYxQQQLrtlbcleeSOIoSQbv3dncCiBQSQRXe/xhMgQGC0AgJI912z78BCIaT7PlACgUUKCCCL7HaNJkCAwOgFBJB+ukgI6cdZKQQIrAkIIB4HAgQIEBijgADSX68IIf1ZK4kAAWtAPAMECBAgMFKB305y/w11cw5INx0mhHTj6q4ECGwQMALisSBAgACBMQrUWRSbTu++Ikn9sOxqX0AIad/UHQkQEEA8AwQIECAwEYE/SHKvDXV9VZKnTaQNU6zmvhBS/fKIJDdOsXHqTIDAOASMgIyjH9SCAAECBD5f4BeSPHkDygeTPAhWpwL7QsjNSR4qhHTaB25OYNYCAsisu1fjCBAgMFmBByb5wJbaX5Kktoh1dSewL4QIgt3ZuzOB2QsIILPvYg0kQIDAZAUqZFy8ofYvSnLlZFs1nYrvCyH6YTp9qaYERiUggIyqO1SGAAECBNYEKmRcvUHEp+/9PSb/Nslf21GcTQH66wslEZiNgAAym67UEAIECMxOwDSscXTpW5N8/Zaq1G5ljzUlbhwdpRYEpiIggEylp9STAAECyxQwDWsc/f72JF+7pSo1IlXrciqMuAgQILBXQADZS+QFBAgQIDCgwLZpWLUd7JcOWK+lFX3PZpTjAVsa/sZmJGRpLtpLgMA5BASQc6B5CwECBAj0JrBrGtY3JnlTbzVR0MOTVNDYdEBk6bwiyXdiIkCAwD4BAWSfkN8nQIAAgaEFPpLkog2V+KUkjxu6cgsr//IkL93R5hck+aGFmWguAQJHCgggR4J5OQECBAj0LvC6JN+yodR3J6lP5V39ClyT5BlbivxM0yc39FslpREgMCUBAWRKvaWuBAgQWKbA45O8dkPT35Hk65ZJMnirayrWpVtqURsH1KJ0FwECBDYKCCAeDAIECBAYu8CudSD+HRum92pR+oeT3GVL8c9MUiMlLgIECNxOwF/cHgoCBAgQmIJATe3ZdD0oSW0D6+pf4DuSvGpLsbUlb42C6Jv++0WJBEYvIICMvotUkAABAgSa3Zc2TfmpQ/BqOpBrGIGfSfL3thRta95h+kSpBEYvIICMvotUkAABAgSSvCzJZRskrkryXEKDCmw7LLIqZSrWoF2jcALjFBBAxtkvakWAAAECny9QIeM5G1BenqS2hnUNJ1A7kb1zS/GmYg3XL0omMFoBAWS0XaNiBAgQILAm8Jgkb9ggYiescTwm2wJi1c5UrHH0kVoQGI2AADKarlARAgQIENghsGsnrHslqU/aXcMK7JqK9bwkzx62ekonQGAsAgLIWHpCPQgQIEBgn8C2nbCuTfKkfW/2+50L7JqK5YDCzvkVQGA6AgLIdPpKTQkQILB0gRrluGALwhXNQvWlGw3d/l1TsZxcP3TvKJ/ASAQEkJF0hGoQIECAwF6BK5NcveVVFjvv5evtBe9P8uANpVUf1XQ5FwECCxcQQBb+AGg+AQIEJibw2iSP31LnWoNQh9+5hhXYdkDhp5PcediqKZ0AgTEICCBj6AV1IECAAIFDBe7Z7Kp08ZY3OBfkUMluX7dtvY4NA7p1d3cCkxAQQCbRTSpJgAABAmsCuxY718ucjj7847JtRyx9M3zfqAGBwQUEkMG7QAUIECBA4BwCu9aDfLCZimVr3nPAtvSW2pnsCRvu5WT0loDdhsCUBQSQKfeeuhMgQGDZAnXA3aVbCGzNO+yzsW03rBclqfDoIkBgwQICyII7X9MJECAwcYFaD1KjHbbmHV9HPjHJqzdU67okdaq9iwCBBQsIIAvufE0nQIDADAS2/aBbTatdlx6Z5IYZtHNqTdi2TsdWvFPrSfUl0IGAANIBqlsSIECAQK8C1yR5xpYSb0py915ro7CVgJ2wPAsECGwUEEA8GAQIECAwdYF9W/O+PMnlU2/kBOv/sSQXbqj3s3YcKDnBZqoyAQLHCgggx4p5PQECBAiMUcDWvOPrlQ8lud+Gaj0vybPHV101IkCgLwEBpC9p5RAgQIBA1wKvSPK0LYXYmrdr/dvf//VJ/tKGYr8vyUv6r44SCRAYi4AAMpaeUA8CBAgQaEPgI0ku2nIjW/O2IXz4PV6Z5KkbXl4h8VWH38YrCRCYm4AAMrce1R4CBAgsW6DWg/xOkrttYbgiycuWTdRb6wWQ3qgVRGBaAgLItPpLbQkQIEBgv8CurXlrG9hLmvND9t/JK04REEBO0fNeAjMWEEBm3LmaRoAAgQUL7Nqa9123UGm8AAAKYElEQVRNCFkwTy9NF0B6YVYIgekJCCDT6zM1JkCAAIH9Avu25r0qyXP338YrThD4hSRP3vB+a0BOQPVWAnMQEEDm0IvaQIAAAQKbBGzNO+xz8Z4kX7WhCj+S5J8OWzWlEyAwpIAAMqS+sgkQIECga4Erdxx693vND8i1LsTVvsCNSb5iw21fvOPk+vZr4Y4ECIxOQAAZXZeoEAECBAi0LPDGJJduuedvJvnKlstzu88KvDNJjUKdvb4/yU9CIkBguQICyHL7XssJECCwFIFaD1IHEV6wpcGvaw4wNBLS7hNhEXq7nu5GYDYCAshsulJDCBAgQGCHwK6teetttTPWY5MIIe09RgJIe5buRGBWAgLIrLpTYwgQIEBgh8B1Sb5xx+9XCKmDCuu763QBAeR0Q3cgMEsBAWSW3apRBAgQILBB4AFJ/nuSu+7QqRGQGgkRQk5/hASQ0w3dgcAsBQSQWXarRhEgQIDAFoEKIdcn+ZI9IeSZSV5G8SQBAeQkPm8mMF8BAWS+fatlBAgQILBdoMLFZXuAajqWEHL+p+jXk3z1hrc/L8mzz39b7yRAYOoCAsjUe1D9CRAgQOC8AtcccB5FBZAKIq7jBB6Y5H1J7rThbXVC+lOOu51XEyAwJwEBZE69qS0ECBAgcKzA5UleuudNFUJqSpYdsg7XvTbJE7a8vEaefu7wW3klAQJzExBA5taj2kOAAAECxwrUFr0VMradE1L3s03v4aqPSfKGLS//aJL7HH4rryRAYI4CAsgce1WbCBAgQOBYgTqxu05M3xdCbNO7X7YOfazF/puuBzWHQu6/i1cQIDBbAQFktl2rYQQIECBwpECtW6ipQxfveN8tSa5M8tNH3nspL39ukudsaexVSer3XQQILFxAAFn4A6D5BAgQIPB5AvdsRkJ2hZB6w1uS1A/Uv8TvNoEKcO9Oco8NJjcmqVEm62g8MAQIRADxEBAgQIAAgdsLHLJNb73rPyZ5oSByK2Cdr3LJlofpSc3okmeNAAECAohngAABAgQIbBE4ZJve1VuXHkRekOQfbXG8LkktTHcRIEDgVgEjIB4EAgQIECCwXeDHk/zAEUBLDCL7tjK28PyIB8hLCSxBQABZQi9rIwECBAicIvCSJN975Id2Swki+8JHrZF53Cn43kuAwPwEBJD59akWESBAgED7Ahcm+SdJvi1J/frQ6780Z4zMcdesfeHj5iQPTVIL0F0ECBC4TUAA8TAQIECAAIHDBe6Y5FnN10WHvy3/K8l3JXnNEe8Z80v3hY+PN9sZCx9j7kV1IzCQgAAyELxiCRAgQGDSAucNInXYYW3fW9+neu1acF5tqq14a9G5LXen2sPqTaBjAQGkY2C3J0CAAIFZCywpiNQZKa9P8ogdPSp8zPpx1zgC7QgIIO04ugsBAgQILFtg7kHkiUlevuWQwVXPCx/L/jOg9QQOFhBADqbyQgIECBAgsFdgFUR+NMmd9776cy94b5J/nuRnj3hPHy99WJKfSvKoPYUJH330hjIIzERAAJlJR2oGAQIECIxKoILIf0jy2CR3OKJmtyT5N80J67Vgvc91FA9sFo4/vFnD8bVJ7n5A3W9Kcv+e63pAtbyEAIGxCgggY+0Z9SJAgACBOQjUuokrm68LztGgdyW5ttk9q37d1lWLxGuL3G9uwsZdjxyxWdXDVrtt9Yj7EFiQgACyoM7WVAIECBAYTODUIFIVr9GQCiNvSvKrSWqr231XLRj/8iQ1ulGho77XVxvXLyf5O875aIPSPQgsS0AAWVZ/ay0BAgQIDCvQRhAZtgWfPViwzgGZ8lbCQxsqn8CiBQSQRXe/xhMgQIDAQAIVRH4wyT88co3IQNW9rdga9fh26z2G7gblE5i2gAAy7f5TewIECBCYtsADkjw/ybcmqVAyxqumev1hkhcmuWaMFVQnAgSmJSCATKu/1JYAAQIE5itQAaTWadSZG/W9wknf13uSvCNJLXivL9Os+u4B5RFYgIAAsoBO1kQCBAgQmKTAajvcCiSXttyCWsfxwSRvbe77/hGeQdJyk92OAIGxCAggY+kJ9SBAgAABAtsFVqMjz07yNc26kToz5FNJPnPmbfVve22re6ck/y/Jh5pTzCtw1JdRDU8aAQKDCgggg/IrnAABAgQIECBAgMCyBASQZfW31hIgQIAAAQIECBAYVEAAGZRf4QQIECBAgAABAgSWJSCALKu/tZYAAQIECBAgQIDAoAICyKD8CidAgAABAgQIECCwLAEBZFn9rbUECBAgQIAAAQIEBhUQQAblVzgBAgQIECBAgACBZQkIIMvqb60lQIAAAQIECBAgMKiAADIov8IJECBAgAABAgQILEtAAFlWf2stAQIECBAgQIAAgUEFBJBB+RVOgAABAgQIECBAYFkCAsiy+ltrCRAgQIAAAQIECAwqIIAMyq9wAgQIECBAgAABAssSEECW1d9aS4AAAQIECBAgQGBQAQFkUH6FEyBAgAABAgQIEFiWgACyrP7WWgIECBAgQIAAAQKDCgggg/IrnAABAgQIECBAgMCyBASQZfW31hIgQIAAAQIECBAYVEAAGZRf4QQIECBAgAABAgSWJSCALKu/tZYAAQIECBAgQIDAoAICyKD8CidAgAABAgQIECCwLAEBZFn9rbUECBAgQIAAAQIEBhUQQAblVzgBAgQIECBAgACBZQkIIMvqb60lQIAAAQIECBAgMKiAADIov8IJECBAgAABAgQILEtAAFlWf2stAQIECBAgQIAAgUEFBJBB+RVOgAABAgQIECBAYFkCAsiy+ltrCRAgQIAAAQIECAwqIIAMyq9wAgQIECBAgAABAssSEECW1d9aS4AAAQIECBAgQGBQAQFkUH6FEyBAgAABAgQIEFiWgACyrP7WWgIECBAgQIAAAQKDCgggg/IrnAABAgQIECBAgMCyBASQZfW31hIgQIAAAQIECBAYVEAAGZRf4QQIECBAgAABAgSWJSCALKu/tZYAAQIECBAgQIDAoAICyKD8CidAgAABAgQIECCwLAEBZFn9rbUECBAgQIAAAQIEBhUQQAblVzgBAgQIECBAgACBZQkIIMvqb60lQIAAAQIECBAgMKiAADIov8IJECBAgAABAgQILEtAAFlWf2stAQIECBAgQIAAgUEFBJBB+RVOgAABAgQIECBAYFkCAsiy+ltrCRAgQIAAAQIECAwqIIAMyq9wAgQIECBAgAABAssSEECW1d9aS4AAAQIECBAgQGBQAQFkUH6FEyBAgAABAgQIEFiWgACyrP7WWgIECBAgQIAAAQKDCgggg/IrnAABAgQIECBAgMCyBASQZfW31hIgQIAAAQIECBAYVEAAGZRf4QQIECBAgAABAgSWJSCALKu/tZYAAQIECBAgQIDAoAICyKD8CidAgAABAgQIECCwLAEBZFn9rbUECBAgQIAAAQIEBhUQQAblVzgBAgQIECBAgACBZQkIIMvqb60lQIAAAQIECBAgMKiAADIov8IJECBAgAABAgQILEtAAFlWf2stAQIECBAgQIAAgUEF/j8KoIiD5jxWegAAAABJRU5ErkJggg==','2023-05-14 12:50:22'),(18,21,10,'data:image/png;base64,iVBORw0KGgoAAAANSUhEUgAAAyAAAAEsCAYAAAA7Ldc6AAAAAXNSR0IArs4c6QAAIABJREFUeF7t3XvQblVdB/BvmEhIIQralApoeasE9Q8rNCErx25ATZlaIlRqqYmVl1JA1BS1UvPSTRNnSs2cEZ0yszFPEzY6NZqaaakjOKYNKkkqIJdofrGRc3ku+znv86z32Xt/9swZZzhr77XWZy3Peb9n77XW18VFgAABAgQIECBAgACBRgJf16ge1RAgQIAAAQIECBAgQCACiElAgAABAgQIECBAgEAzAQGkGbWKCBAgQIAAAQIECBAQQMwBAgQIECBAgAABAgSaCQggzahVRIAAAQIECBAgQICAAGIOECBAgAABAgQIECDQTEAAaUatIgIECBAgQIAAAQIEBBBzgAABAgQIECBAgACBZgICSDNqFREgQIAAAQIECBAgIICYAwQIECBAgAABAgQINBMQQJpRq4gAAQIECBAgQIAAAQHEHCBAgAABAgQIECBAoJmAANKMWkUECBAgQIAAAQIECAgg5gABAgQIECBAgAABAs0EBJBm1CoiQIAAAQIECBAgQEAAMQcIECBAgAABAgQIEGgmIIA0o1YRAQIECBAgQIAAAQICiDlAgAABAgQIECBAgEAzAQGkGbWKCBAgQIAAAQIECBAQQMwBAgQIECBAgAABAgSaCQggzahVRIAAAQIECBAgQICAAGIOECBAgAABAgQIECDQTEAAaUatIgIECBAgQIAAAQIEBBBzgAABAgQIECBAgACBZgICSDNqFREgQIAAAQIECBAgIICYAwQIECBAgAABAgQINBMQQJpRq4gAAQIECBAgQIAAAQHEHCBAgAABAgQIECBAoJmAANKMWkUECBAgQIAAAQIECAgg5gABAgQIECBAgAABAs0EBJBm1CoiQIAAAQIECBAgQEAAMQcIECBAgAABAgQIEGgmIIA0o1YRAQIECBAgQIAAAQICiDlAgAABAgQIECBAgEAzAQGkGbWKCBAgQIAAAQIECBAQQMwBAgQIECBAgAABAgSaCQggzahVRIAAAQIECBAgQICAAGIOECBAgAABAgQIECDQTEAAaUatIgIECBAgQIAAAQIEBBBzgAABAgQIECBAgACBZgICSDNqFREgQIAAAQIECBAgIICYAwQIECBAgAABAgQINBMQQJpRq4gAAQIECBAgQIAAAQHEHCBAgAABAgQIECBAoJmAANKMWkUECBAgQIAAAQIECAgg5gABAgQIECBAgAABAs0EBJBm1CoiQIAAAQIECBAgQEAAMQcIECBAgAABAgQIEGgmIIA0o1YRAQIECBAgQIAAAQICiDlAgAABAgQIECBAgEAzAQGkGbWKCBAgQIAAAQIECBAQQMwBAgQIECBAgAABAgSaCQggzahVRIDADgW+PckRSf4jyVd2+Cy3EyBAgAABArskIIDsErxqCRBYSeDCJA9PcmiSq5P8bpJnrPQEhQkQIECAAIGtEBBAtmIYNIIAgQUCz05yzn6/f32SH07yDnIECBAgQIDAsAQEkGGNl9YSmKLAPye534yO/1GSx04RRJ8JECBAgMCQBQSQIY+ethOYhsClSe48o6vvTPID0yDQSwIECBAgMB4BAWQ8Y6knBMYqcFWSw2Z07uIkDxxrp/WLAAECBAiMVUAAGevI6heBcQicn+TcOV15fJJXjqObekGAAAECBKYjIIBMZ6z1lMAQBa5JcssZDb8yya2H2CFtJkCAAAECUxcQQKY+A/SfwPYKPDLJn85p3plJamteFwECBAgQIDAwAQFkYAOmuQQmJPCEJC+b0d+vzlkTMiEaXSVAgAABAsMVEECGO3ZaTmDsAiclqYXm+1+1K9ZxY++8/hEgQIAAgbEKCCBjHVn9IjB8gXmfYF2e5HbD754eECBAgACBaQoIINMcd70mMASBX0xShw3uf12R5DZD6IA2EiBAgAABAgcKCCBmBQEC2yow7xOsTyU5dlsbrV0ECBAgQIDAYgEBxAwhQGBbBR6d5DUzGndZkjtsa6O1iwABAgQIEBBAzAECBIYpMG8XrOvmnA0yzF5qNQECBAgQmJiANyATG3DdJTAggfrM6pI57T09yUUD6oumEiBAgAABAp2AAGIqECCwzQIfTPJdMxr4+iSP2OaGaxsBAgQIECAwW0AAMTMIENhmgXnrQK5Ncug2N1zbCBAgQIAAAQHEHCBAYHgCtd3uf89p9guSPH14XdJiAgQIECAwbQFvQKY9/npPYAgCn03yzTMa+sUkRw2hA9pIgAABAgQI3CwggJgNBAhsu8DvJXninEaemeTCbe+A9hEgQIAAAQICiDlAgMCwBK5KctiMJtcuWccPqytaS4AAAQIEpi3gDci0x1/vCQxFYN5i9Gq/tyBDGUXtJECAAAECSQQQ04AAgaEI1NuOOhtk/+vyJLcbSie0kwABAgQITF1AAJn6DNB/AsMRWPQW5OIkDxxOV7SUAAECBAhMV0AAme7Y6zmBIQp8fsHbjlqMXp9juQgQIECAAIEtFhBAtnhwNI0AgQMEXpXk5xe4CCEmDQECBAgQ2HIBAWTLB0jzCBA4QODKJN8ghJgZBAgQIEBgmAICyDDHTasJTFng3kneneSIBQgvTXL2lJH0nQABAgQIbKuAALKtI6NdBAgsErhNkj1JTlhQ6O+SPBgjAQIECBAgsF0CAsh2jYfWECDQX6BPCLEmpL+nkgQIECBAoImAANKEWSUECGxIQAjZEKzHEiBAgACBTQkIIJuS9VwCBFoJzAohVyQ5cq8GvDXJqa0apB4CBAgQIEBgvoAAYnYQIDAGgQoh9blVhYy/7xagv3+/jr0nyfeMobP6QIAAAQIEhiwggAx59LSdAIF5AicnedeM37Qw3ZwhQIAAAQK7LCCA7PIAqJ4AgY0I1NuQM+Y82cL0jZB7KAECBAgQ6CcggPRzUooAgWEJ1BkgL17QZCFkWOOptQQIECAwIgEBZESDqSsECHxNoNaEfMaJ6WYEAQIECBDYPgEBZPvGRIsIEFiPwLFJ3pfktt6ErAfUUwgQIECAwDoEBJB1KHoGAQLbKtDnnJCLkzxwWzugXQQIECBAYGwCAsjYRlR/CBDYX6BPCLk8ya8meS0+AgQIECBAYLMCAshmfT2dAIHtEOgTQqqllyR5liCyHYOmFQQIECAwTgEBZJzjqlcECBwo0DeE1J1fTPKmJL8IkgABAgQIEFivgACyXk9PI0BguwX67I61dw8qiJyY5NLt7pbWESBAgACB4QgIIMMZKy0lQGA9ArXg/G+WbNG7d02fS/JDSf5lPdV7ygyBOrn+hu6/V+CroFjX0UlOTfJNSa5L8tkkV/QQvFP3jGtXuOdbuh3Trk9yWZIvzKmndler9lzTPft/unJHJvnmJId2bfzUXvffMclRSW7V9bM+9XtUkn/q0RdFCBAgMDoBAWR0Q6pDBAj0FHhVktOS3K5H+XoTcnqSPT3KTr3IWUk+MSNMHJekftVVAaOCxpSvq5NU6PnvKSPoOwEC0xQQQKY57npNgMDNAo/uFp7Xv2wvu85MUqeou/YVuHOSNye5L5iVBC7qgu1KNylMgACBoQsIIEMfQe0nQGBdAhVEXpbkiCUPrABSQcR1o8Djkvx2klsDWVmgPveqzQ5q7tUbERcBAgQmISCATGKYdZIAgRUE3pHkB5eUr0+x6pOs+jRrqteDkrwyyb2mCrDGflf4uF+Sf1vjMz2KAAECWysggGzt0GgYAQK7KFD/Iv2aJfXXovR6EzK1xen1qdoLk/z0Lo7PGKt+v0/Yxjis+kSAwCwBAcS8IECAwGyBWiRdbzpqd6N511eS/EKSN0wA8fAkv5HkmRvo6wf2eptUO0TVr7rqDdNHknxbko8n+fIKdX9HtxvVp1e4p97mXJXkkwvuuUWSeya5PMln9itXu13VAvsP77Wr101F6o3Zry147pe63bVWaK6iBAgQGKaAADLMcdNqAgTaCNSuTbVQ+IQl1b26CyJtWtW+ljOSXNBtM9un9s8n+Wi3G9beYWLvt0VT21HsnCTPXoB3pXU0faaWMgQIjEFAABnDKOoDAQKbFKh/0a6F53UexaLr7UkeusmG7MKza13CK5Lcv2fdFTpqUfrf9yw/lWJ1jkydPbPoqjcv9ZbJRYAAgdELCCCjH2IdJEBgTQIvSfKkJc+qtyW1LmToi9Nv363zqMPy+vw9UZ8jnZvkD5LUzk6ufQWen+TpS1Dqc75lO7BxJUCAwCgE+vzFMoqO6gQBAgTWINB3cfopAw0hdVL3k5M8o+cPw3U6eYWOWhfS54TyNQzBIB/xlC7QLWp8fap2/CB7p9EECBBYUUAAWRFMcQIEJi/wwG5x+iELJOoNSIWQIe2QVYuk6zyPu/Qc4frMqj63qs+uXIsFjunmQp18Pu+q4Fdv2VwECBAYvYAAMvoh1kECBDYg8IAkb0ly2yUhpD7Hqs+ytvm6R/cWo8716HN9otvNqfrv6i9w9yRP2+vclNoxq3ZY+58kL+7CX/+nKUmAAIEBCwggAx48TSdAYFcFanF6hYtlP7hXCKlF7Nt2VXh6TpLHJqmtZZddtU3sc7sflq9dVtjvEyBAgACBeQICiLlBgACBnQlUuKhtahddVaaCyDZcFTZ+Ocn5SY7q0aAbugBVi6gv61FeEQIECBAgsFBAADFBCBAgsHOBs7s3A4uetA07ZD04ycuT1GdXfa73dm9I6qBAFwECBAgQWIuAALIWRg8hQIBAaoesWkS86OT0/0xyUpJLG3vVwvJaZ/DjPeut08NrvcLrepZXjAABAgQI9BYQQHpTKUiAAIGlAid2O2QtCiH/m+THkrxt6dN2XuDWSc7rzi85tMfj6jC82gmrTj2vk7ldBAgQIEBg7QICyNpJPZAAgYkLHNctTj9hicMmF6fXn+31/OcluUPP8Xhjt7tVvf1wESBAgACBjQkIIBuj9WACBCYs0HeHrE0sTr9/kj9MsiwA3TQ8tb7j8UnePeHx0nUCBAgQaCgggDTEVhUBApMTqDUUD1/S6zqscB0np9e5Ei/sUd9Nzflcd+L5q5LUTlcuAgQIECDQREAAacKsEgIEJizQJ4Ts5OT0w5I8tVs0fngP5zrD42VJnpWkzvZwESBAgACBpgICSFNulREgMFGBZyY5N8ktl/R/1XUhD+veety5p2stfK8tgz/Ws7xiBAgQIEBg7QICyNpJPZAAAQIzBWqHrFrzsWxtRn2SdZ8lhvWMV3Rb+vbhrsDxS0ne2aewMgQIECBAYJMCAsgmdT2bAAEC+wrU4vQKIacugbk8yV2T1KdZe19HJ3l+krOSHNIDt+6vE8/r8MHrepRXhAABAgQIbFxAANk4sQoIECBwgECtv6jzORZdtT6jDg7c03269SvdZ1zf1MOzzhr54yT16dfne5RXhAABAgQINBMQQJpRq4gAAQL7CJzWvQ1ZdGhh3fBHSU5OcreefrWd7mOTfLhnecUIECBAgEBTAQGkKbfKCBAgsI9ArQv52yT1adVOr0uSPCXJm3b6IPcTIECAAIFNCgggm9T1bAIECCwXqHUhH0xyp+VFZ5b4SpILkrwoyVcP8hluI0CAAAECzQQEkGbUKiJAgMBCgTq9/DErGNXhgX/WnQHy2RXuU5QAAQIECOyqgACyq/wqJ0CAwP8LnJSkAsh39PS4rFug/t6e5RUjQIAAAQJbIyCAbM1QaAgBAhMUODbJ7yT5yYPoe50XcsqMrXoP4lFuIUCAAAEC7QQEkHbWaiJAgMBNAocn+c0kv5bksB2w1Dkfp3db9e7gMW4lQIAAAQLtBASQdtZqIkCAQP2Z+7PdovFv6clxbXcOyKLiZyd5ac/nKUaAAAECBHZVQADZVX6VEyAwIYH7des86n/7XB9N8rgkVyS5KEl9rrXoel+SB/skqw+tMgQIECCwmwICyG7qq5sAgSkI3L7bIvfnkvT5M/cL3YnntSj9+g6otuq9MMmpS8CuSvKQJP8wBVh9JECAAIFhCvT5y3CYPdNqAgQI7K7ArZL8arfW44geTbkuye8nOad76zHrlmclOa/Hs3yS1QNJEQIECBDYHQEBZHfc1UqAwLgFamF47W51fM9uvjPJE5LUZ1fLrpO7T7KOXFJwT7dAvRaquwgQIECAwNYICCBbMxQaQoDACATqHI9XJHlQz758vNsJ6609y99U7Lgkb0tyzyX3Vfg4swssK1ahOAECBAgQ2IyAALIZV08lQGBaArdN8tzuJPNb9Oj6l7ryL05Su1wd7HVxd4jhsvtfkuR8C9SXMfl9AgQIEGghIIC0UFYHAQJjFaiw8fgktTbjqB6dvCHJa5L8RpI6zXwd1zO7dSFfv+RhdXBhvQ2p/3URIECAAIFdExBAdo1exQQIDFygtrx9eZJ79OzHe5M8NskHepZfpVh9klW7ZPX59MsC9VVklSVAgACBtQsIIGsn9UACBEYucJck9UnTj/Xs56eTPDXJ63uW30mxvrtk1VuQ05JcupPK3EuAAAECBA5GQAA5GDX3ECAwRYFv7LbIfVKSQ3sA1JkcL0rygiRX9ii/riIn9jy4sD4He3iSP19XxZ5DgAABAgT6CAggfZSUIUBgygL15+RZSX4ryR16Qryx292q3n7sxlUHF9ZbmjOWVF4h5Ee7HbV2o53qJECAAIEJCgggExx0XSZAoLfA/ZPUieQn9Lyj1nfUovR39yy/6WL1mVWtDVl0ZsjV3Xa+l2y6MZ5PgAABAgRKQAAxDwgQIHCgwB27z6d+pidO7Wj1jCSvTlJvFbbp6rNAvdaEnGKb3m0aNm0hQIDAeAUEkPGOrZ4RILC6wGFJntYtGj+8x+11hsfvdWds1Nke23zVJ1m1fmXeVSHkPtvcAW0jQIAAgXEICCDjGEe9IEBg5wIP69563Knno/4qyZOTfKxn+W0odm4Xlua1pT7XqrNCXAQIECBAYGMCAsjGaD2YAIGBCNT6jlrnUes9+lwVOH4pyTv7FN7CMo/uDkOc17Q6Mb2283URIECAAIGNCAggG2H1UAIEBiBwdJILun/xP6RHe7/YvT2owwev61F+m4vUm45FO2TVW5Aq4yJAgAABAmsXEEDWTuqBBAgMQOCvkzxkhY046g3Jbya5fAB969vEi5KcuqBwLUrf0/dhyhEgQIAAgb4CAkhfKeUIEBiLwD8m+Z6enakfwH8lyYd6lh9SsTorpPo3b4vheuNTIaQWp7sIECBAgMDaBASQtVF6EAECAxHos03up7qDBN80kD4dbDMrhFTAOHbOA+pskNoZq8KIiwABAgQIrEVAAFkLo4cQIDAggeuTzFvzcVWS5yZ53oD6s9Omnti9CZl3WKEzQnYq7H4CBAgQ2EdAADEhCBCYmsCXk9x6RqffmOTsJJ+dGkiSk5O8a0G/a73I6RN00WUCBAgQ2ICAALIBVI8kQGCrBerU8mNmtPD2ST631S3fbOOWbc/rjJDN+ns6AQIEJiMggExmqHWUAIFOQACZPxXq/I/zFswU2/P6vxEBAgQI7FhAANkxoQcQIDAwgdpK9yhvQOaOmjNCBjahNZcAAQJDExBAhjZi2kuAwE4Frk5yKwFkIWMtPLc9705nmvsJECBAYKaAAGJiECAwNYF5u2DdM8lHp4Yxp799zgip7Xlrm14XAQIECBBYSUAAWYlLYQIERiBwTZJbegOydCSP684IsT3vUioFCBAgQGAVAQFkFS1lCRAYg0Adqjfrh+qp74I1a2z7nBFSb0JcBAgQIECgt4AA0ptKQQIERiJgF6zVBtL2vKt5KU2AAAECSwQEEFOEAIGpCQggq4/4shByfpLawtdFgAABAgSWCgggS4kUIEBgZAICyMENqO15D87NXQQIECCwn4AAYkoQIDA1gTrt/OgZnbYGZPlMuCjJqQuKnZJkz/LHKEGAAAECUxYQQKY8+vpOYJoCdsE6+HFftj3vV5P8RJK3HXwV7iRAgACBsQsIIGMfYf0jQGB/gRvmkLwoyVNxLRWoEFIHFR47p2QFvLsluXTpkxQgQIAAgUkKCCCTHHadJjBpgXlvQAqltpStH65diwWWbc/7kST3gkiAAAECBGYJCCDmBQECUxN4bZJHzen0vye5x9RADrK/Jyd514J7j3dS+kHKuo0AAQIjFxBARj7AukeAwEyBjya5+xybtyQ5jVsvgV9PUp+uzbr+MclJvZ6iEAECBAhMSkAAmdRw6ywBAp3Acd2nVrNORK8iP2Ihde+5cvGCoHHPJBX2XAQIECBA4GsCAojJQIDAVAXOTvLiOZ2/PMldk3xxqjgr9LvC3CfnlH95kieu8CxFCRAgQGACAgLIBAZZFwkQmCvwX0nuMOd368yL09n1Erhkzq5YdhbrxacQAQIEpiUggExrvPWWAIF9Be7dfYo178/CJyd5CbSlAh9K8p0zSv1UkjctvVsBAgQIEJiUgAAyqeHWWQIEZghUyPjdBTK25l0+bS5LcsyMYs9Kcv7y25UgQIAAgSkJCCBTGm19JUBgnkC95XjSnN+sdSC1paz1IPPnz8e7NTP7l3hdkkeadgQIECBAYG8BAcR8IECAwI0CdQDhCXMwrkhSi62FkNlAf5zkF2b8li2N/b+LAAECBA4QEEBMCgIECNwosGxr3i8l+T4npc+cLvMOJazF6fX2yEWAAAECBL4mIICYDAQIELhZoA4gfPMSkDOTXAjtAIEb5pgc5c2R2UKAAAECewsIIOYDAQIE9hV4T5L7L0GpAFJBxHWzwLxP2E5JsgcUAQIECBC4SUAAMRcIECBwoMC8RdV7l6wfuOuHa+tCblSpUHbGjMlUu2DVblguAgQIECDw/wICiIlAgACB2QJvSPKwJThfTvLDSf4BYuadLP/hOWeEICNAgACBiQoIIBMdeN0mQKCXQK0JqX/ZP3JJ6VfP2QWqVyUjKTRvIfp1SW45kj7qBgECBAisQUAAWQOiRxAgMGqBE7sQMm+L3ps6//YkDx21xOLOHZbkqjlF/F0z4Ymh6wQIENhfwF8K5gQBAgSWC9ymCyGnLik65XUh8wJI7Y51yHJiJQgQIEBgKgICyFRGWj8JEFiHQC2mPm/Jg2pRei1OrzAypWteALkmya2mBKGvBAgQILBYQAAxQwgQILCawGOS/EGPTTymdl7IvAByfZKvX41YaQIECBAYs4AAMubR1TcCBDYlUDtfva7H4vQpnRfyQ0n+Zg64v2s2NRM9lwABAgMU8JfCAAdNkwkQ2AqBvutC/ivJdye5dCtavZlGlMX7kxwngGwG2FMJECAwJgEBZEyjqS8ECOyGQJ91IfUZ0jOTXLAbDWxQ50uSPGlOPR9LcrcGbVAFAQIECAxEQAAZyEBpJgECWy3Q97yQWpj+5CR7tro3qzVu3gGE9ZRrk3xrks+t9kilCRAgQGDMAgLImEdX3wgQaCnQ97yQalOtDakgUjtmDfWq4FFvPeZ9dlX9Oj3JRUPtoHYTIECAwGYEBJDNuHoqAQLTFKi1EH+Z5KQe3a/wUZ9vvbRH2W0r8vEkd13SqLckqTdDLgIECBAgsI+AAGJCECBAYP0CdSr6Q3o+9vIkz0lS6yiGcNVnZMtOhb8uyTEDf8MzhLHQRgIECAxSQAAZ5LBpNAECAxCorXpfmeTYnm39SpK/6D5ZqrcHra4jZpxpUv/tyzMaUOefPKJHw/4kyc/3KKcIAQIECExQQACZ4KDrMgECTQUe3b3dOHKFWuvzrFo7Ub/WHUZqzcaDkjwsyfdv4JTy1/cMKStwKEqAAAECYxIQQMY0mvpCgMC2CtTakFrvMW+r2kXt/lKSf03ygSQfnFGwnn2vbsep9yWpLX/3v+ocklqzceckd9oAUn1y9Yquj0NeWL8BGo8kQIAAgf0FBBBzggABAu0EaqesWutRbyDGcn0myfeO/KDFsYyVfhAgQGArBASQrRgGjSBAYGICr0py1oy1F0Nj+HCSB1hsPrRh014CBAjsroAAsrv+aidAYLoCtTj9nCT3TXKfATJc0Z0B4pOrAQ6eJhMgQGA3BQSQ3dRXNwECBG4UqHUcdWZG/Tp1F1D+N8lXk9zQLUo/JEn9t2uS1PqOug7da8H6x7qzTpxwvguDpUoCBAgMXUAAGfoIaj8BAmMTaBFGakH7nr1+rfIWo9q3SvmxjY/+ECBAgMAOBQSQHQK6nQABAhsUqB/2n5/klO4NRe2CVbti7X3dsTtrpHa/qjcTX9jv949OcvckVyapAxLr5HUBYoOD5tEECBAgsFhAADFDCBAgQIAAAQIECBBoJiCANKNWEQECBAgQIECAAAECAog5QIAAAQIECBAgQIBAMwEBpBm1iggQIECAAAECBAgQEEDMAQIECBAgQIAAAQIEmgkIIM2oVUSAAAECBAgQIECAgABiDhAgQIAAAQIECBAg0ExAAGlGrSICBAgQIECAAAECBAQQc4AAAQIECBAgQIAAgWYCAkgzahURIECAAAECBAgQICCAmAMECBAgQIAAAQIECDQTEECaUauIAAECBAgQIECAAAEBxBwgQIAAAQIECBAgQKCZgADSjFpFBAgQIECAAAECBAgIIOYAAQIECBAgQIAAAQLNBASQZtQqIkCAAAECBAgQIEBAADEHCBAgQIAAAQIECBBoJiCANKNWEQECBAgQIECAAAECAog5QIAAAQIECBAgQIBAMwEBpBm1iggQIECAAAECBAgQEEDMAQIECBAgQIAAAQIEmgkIIM2oVUSAAAECBAgQIECAgABiDhAgQIAAAQIECBAg0ExAAGlGrSICBAgQIECAAAECBAQQc4AAAQIECBAgQIAAgWYCAkgzahURIECAAAECBAgQICCAmAMECBAgQIAAAQIECDQTEECaUauIAAECBAgQIECAAAEBxBwgQIAAAQIECBAgQKCZgADSjFpFBAgQIECAAAECBAgIIOYAAQIECBAgQIAAAQLNBASQZtQqIkCAAAECBAgQIEBAADEHCBAgQIAAAQIECBBoJiCANKNWEQECBAgQIECAAAECAog5QIAAAQIECBAgFN+WAAAEFklEQVQgQIBAMwEBpBm1iggQIECAAAECBAgQEEDMAQIECBAgQIAAAQIEmgkIIM2oVUSAAAECBAgQIECAgABiDhAgQIAAAQIECBAg0ExAAGlGrSICBAgQIECAAAECBAQQc4AAAQIECBAgQIAAgWYCAkgzahURIECAAAECBAgQICCAmAMECBAgQIAAAQIECDQTEECaUauIAAECBAgQIECAAAEBxBwgQIAAAQIECBAgQKCZgADSjFpFBAgQIECAAAECBAgIIOYAAQIECBAgQIAAAQLNBASQZtQqIkCAAAECBAgQIEBAADEHCBAgQIAAAQIECBBoJiCANKNWEQECBAgQIECAAAECAog5QIAAAQIECBAgQIBAMwEBpBm1iggQIECAAAECBAgQEEDMAQIECBAgQIAAAQIEmgkIIM2oVUSAAAECBAgQIECAgABiDhAgQIAAAQIECBAg0ExAAGlGrSICBAgQIECAAAECBAQQc4AAAQIECBAgQIAAgWYCAkgzahURIECAAAECBAgQICCAmAMECBAgQIAAAQIECDQTEECaUauIAAECBAgQIECAAAEBxBwgQIAAAQIECBAgQKCZgADSjFpFBAgQIECAAAECBAgIIOYAAQIECBAgQIAAAQLNBASQZtQqIkCAAAECBAgQIEBAADEHCBAgQIAAAQIECBBoJiCANKNWEQECBAgQIECAAAECAog5QIAAAQIECBAgQIBAMwEBpBm1iggQIECAAAECBAgQEEDMAQIECBAgQIAAAQIEmgkIIM2oVUSAAAECBAgQIECAgABiDhAgQIAAAQIECBAg0ExAAGlGrSICBAgQIECAAAECBAQQc4AAAQIECBAgQIAAgWYCAkgzahURIECAAAECBAgQICCAmAMECBAgQIAAAQIECDQTEECaUauIAAECBAgQIECAAAEBxBwgQIAAAQIECBAgQKCZgADSjFpFBAgQIECAAAECBAgIIOYAAQIECBAgQIAAAQLNBASQZtQqIkCAAAECBAgQIEBAADEHCBAgQIAAAQIECBBoJiCANKNWEQECBAgQIECAAAECAog5QIAAAQIECBAgQIBAMwEBpBm1iggQIECAAAECBAgQEEDMAQIECBAgQIAAAQIEmgkIIM2oVUSAAAECBAgQIECAgABiDhAgQIAAAQIECBAg0ExAAGlGrSICBAgQIECAAAECBAQQc4AAAQIECBAgQIAAgWYCAkgzahURIECAAAECBAgQICCAmAMECBAgQIAAAQIECDQTEECaUauIAAECBAgQIECAAAEBxBwgQIAAAQIECBAgQKCZgADSjFpFBAgQIECAAAECBAgIIOYAAQIECBAgQIAAAQLNBASQZtQqIkCAAAECBAgQIEBAADEHCBAgQIAAAQIECBBoJvB/09u6SzrlwBMAAAAASUVORK5CYII=','2023-05-14 14:19:19'),(19,22,1,'data:image/png;base64,iVBORw0KGgoAAAANSUhEUgAAAyAAAAEsCAYAAAA7Ldc6AAAAAXNSR0IArs4c6QAAIABJREFUeF7t3QnQLllZH/C/LLKIjCwiSxCJGmrQQDQYLTccl8QQEEYrEQgKQ3BBQWYo9w0QFFCDoBJQMYgoI6XIYJQomoBbQhkUMCpBURBUKESJsgYRUs/Qn3xzeZfudz193l9X3boD93T3Ob+nv3v76bN9UBwECBAgQIAAAQIECBA4kMAHHeg+bkOAAAECBAgQIECAAIFIQDwEBAgQIECAAAECBAgcTEACcjBqNyJAgAABAgQIECBAQALiGSBAgAABAgQIECBA4GACEpCDUbsRAQIECBAgQIAAAQISEM8AAQIECBAgQIAAAQIHE5CAHIzajQgQIECAAAECBAgQkIB4BggQIECAAAECBAgQOJiABORg1G5EgAABAgQIECBAgIAExDNAgAABAgQIECBAgMDBBCQgB6N2IwIECBAgQIAAAQIEJCCeAQIECBAgQIAAAQIEDiYgATkYtRsRIECAAAECBAgQICAB8QwQIECAAAECBAgQIHAwAQnIwajdiAABAgQIECBAgAABCYhngAABAgQIECBAgACBgwlIQA5G7UYECBAgQIAAAQIECEhAPAMECBAgQIAAAQIECBxMQAJyMGo3IkCAAAECBAgQIEBAAuIZIECAAAECBAgQIEDgYAISkINRuxEBAgQIECBAgAABAhIQzwABAgQIECBAgAABAgcTkIAcjNqNCBAgQIAAAQIECBCQgHgGCBAgQIAAAQIECBA4mIAE5GDUbkSAAAECBAgQIECAgATEM0CAAAECBAgQIECAwMEEJCAHo3YjAgQIECBAgAABAgQkIJ4BAgQIECBAgAABAgQOJiABORi1GxEgQIAAAQIECBAgIAHxDBAgQIAAAQIECBAgcDABCcjBqN2IAAECBAgQIECAAAEJiGeAAAECBAgQIECAAIGDCUhADkbtRgQIECBAgAABAgQISEA8AwQIECBAgAABAgQIHExAAnIwajciQIAAAQIECBAgQEAC4hkgQIAAAQIECBAgQOBgAhKQg1G7EQECBAgQIECAAAECEhDPAAECBAgQIECAAAECBxOQgByM2o0IECBAgAABAgQIEJCAeAYIECDQhsBHJbk8yZ2SvDPJK5P83z1V7ZZJ/lmSdyR5VpKn7ek+LkuAAAECBD5AQALioSBAgMBxBCoBuHOSzxp+VQJyrKMSnR9L8owkLztWJdyXAAECBE5DQAJyGnHWSgIEji9w16HX4Szh+LDjV2lhDV6T5CrJSKPRUS0CBAh0ICAB6SCImkCAQHMClVyc792opGOOh2RkjlFTZwIECDQuIAFpPECqR4DALARq+NT5hKOGV/V2SEZ6i6j2ECBA4EgCEpAjwbstAQKzFmhp/sYxICUjx1B3TwIECHQiIAHpJJCaQYDAXgUONX/jD5O8Icmb9zwZ/PrDfJQ7JrntlnKSkS0BnU6AAIFTE5CAnFrEtZcAgWUCNYzqdsOLec3h+Nwk9YJ+0z2S/WqSFw3JRv2+r2V3VzWh2n2vJA8YhpFt09x3J/lvSZ6S5HnbXMi5BAgQINCvgASk39hqGQECHyhwYZJRk8Mr2TjEnI2/uSDZqISjtWOXyUglU7WaVrWzkpFjJFet+aoPAQIECCSRgHgMCBDoTeCYScZ5yz+9IOGY2/4au0xGyuV8MlLDthwECBAgcKICEpATDbxmE5i5QCtJxnnGl1+QcPT0kr3rZKSSsUpIqmdkbonZzH90VJ8AAQLHF5CAHD8GakCAwGKBuyepOQV3GIZJHXK41JiYtDB/Y0w9d11m18nI2ST2s6Fau66v6xEgQIBAYwISkMYCojoETlzg85M8OsldGnR4XZJnJfnFoaejwSoevEqVjHx1kgcn+ZAd3N28kR0gugQBAgRaF5CAtB4h9SPQv8DFSR6Y5N8nudWRm1u9GvUSXMOC6st8/ar/NoF6fWBqMn+tplW/7rm++KgS/yfJHyR5eJKaU+MgQIAAgQ4EJCAdBFETCMxQ4OZJviTJlx5oBarzRJKMwzwwZ8lI/X7Rlrd8b5IrhyR1y0s5nQABAgSOLSABOXYE3J/AaQncb3iJrKFW+zwkGfvUnX7tWua49hmpZKT2Wtn0qHkilw09U5tew3kECBAgcGQBCciRA+D2BE5A4DOTVOJxnyQ32mF7JRk7xDzgpbadxF7D4R6Z5EkHrLNbESBAgMAOBSQgO8R0KQIE/kHgo5Pcf0g8br+FS23eV3MAXmBOxhaK7Z66zbwRvSHtxlXNCBAgsFJAAuIBIUBgVwI1zv+Lh3kdn7bFRV+R5JlJfiJJrTzlOB2Bs3kj/y7JDUY0W2/ICCRFCBAg0JqABKS1iKgPgXkJXCdJzeeoyeRfkOR6G1b/DcMk40o6fmfDazitL4FKZmuY1UeMaJbekBFIihAgQKAVAQlIK5FQDwLzEvjEIem4b5IP37Dqb0vy3KGn45eTvGfD6zitb4Ga7/GIEU2s5+fpSR40oqwiBAgQIHBEAQnIEfHdmsDMBG45JB3V2/FxG9b975P8yjDE6meTvGPD6zjttARqFa0fS3LnEc3+UUnICCVFCBAgcEQBCcgR8d2awAwEahz+Fw2Jx+ckudaGdf7toaejdhJ/44bXcBqBsb0hl9it3sNCgACBdgUkIO3GRs0IHEug/l6oF7jq6ajkY9Olc2vn6p9M8owkf3isxrhvdwJjekNqcno9w7WLvYMAAQIEGhOQgDQWENUhcESBj0nywGHp3NtuWI968fvpYYjVbySpHawdBPYhsK435DVJPiFJPZMOAgQIEGhIQALSUDBUhcARBGqI1XcNY+Y37emoal81DLF6zhHa4JanK1ArZVUv27WXEFQPSPWESEJO9xnRcgIEGhSQgDQYFFUicCCBByd5dJKbbXi/3xwmBlePR20Y6CBwDIEakvXSFTeuyeuXHaNi7kmAAAECiwUkIJ4MAqclUJPI75ekhq9sskP5K4cvzj+epOZ4OAi0IPCAYQneZXWp/UQub6Gi6kCAAAECiQTEU0DgdAQuTfKYJHec2ORaterKYYjVSyaeqziBQwmsmxNSvSDVG+IgQIAAgSMLSECOHAC3J3AAgc9L8p1JPmnCvWp/jrNNAl+QpPbvcBBoXaASjPuvqKTleVuPoPoRIHASAhKQkwizRp6owCcneXySu05o/zuTfH+S70hSO5U7CMxNoCaeL9uw0PK8c4um+hIg0KWABKTLsGrUiQvUEKvHJbnHBIc3JPnBJN+T5F0TzlOUQGsCHzZsQrgsCXlTko+1MlZrYVMfAgROSUACckrR1tbeBWpSec3xuE/Gz+/66yTfPfR61LArB4EeBGplrBcluWhJY96apPa6sTxvD9HWBgIEZicgAZldyFSYwAcI3GpY1ao2EbzOSJ+/TfJ9SZ6QpP7bQaA3gXXL89ZQrdqo0EGAAAECBxaQgBwY3O0I7FDgpkm+OclXJ7n+yOu+PcmThyFa1fvhINCzwLrleR81JO89G2gbAQIEmhOQgDQXEhUisFagdiz/2iQPT/Kha0u/r0DN6/jhYePBWlbXQeBUBJ6a5CtWNNbyvKfyJGgnAQLNCEhAmgmFihBYK3C9JA9J8o1Jbr629PsKvDtJbRr47Un+fOQ5ihHoTeAPkly8pFFWxuot2tpDgEDzAhKQ5kOkggSuntdR8zsqibjNSI/3JHn2cM6rRp6jGIGeBSoBv/WKJKQWcTApvecnQNsIEGhGQALSTChUhMAHCNTPZ61oVePUP2aCz1VJviVJffV1ECDwPoFanrcmnt9uCUj9WW1UKAnxxBAgQGDPAhKQPQO7PIENBWoPj1pS904Tzq8dy2t41ksnnKMogVMSWLc8b+2kXnNCHAQIECCwRwEJyB5xXZrABgKfPiyPe5cJ5744yRVJ6ncHAQKrBe6V5LkrilgZyxNEgACBPQtIQPYM7PIERgrUfgSPT/J5I8tXsZck+dYkvzThHEUJEEguHxL9ZRaPSPIdoAgQIEBgPwISkP24uiqBsQJ3SPLYJJeOPSHJ7w2Ty1d9xZ1wOUUJnKRADbe6/5KWvzfJ3ZM8/yRlNJoAAQJ7FpCA7BnY5QksEfjIYU+O+yW51kilWs2qvsxemaRekBwECGwnUBPP77zkEjUZ/SbbXd7ZBAgQILBIQALiuSBwWIFbDL0XX57kuiNv/dohWakvtrWvh4MAgd0I1MpYtVrcrZZcrpbmfc1ubuUqBAgQIHAmIAHxLBA4jEC96NQKVQ9NcsORt3xDku9K8kPDTuYjT1OMAIEJArUy1rKV456U980XcRAgQIDADgUkIDvEdCkCCwQq8fgvST4luXpDwTHHXw/zQp6c5B1jTlCGAIGtBH4myRctuEL1flQviIMAAQIEdiggAdkhpksRuECgNjWrFarGDrV6W5InJPnuJG+lSYDAwQQ+Ksmrl9ytFoiozT0dBAgQILAjAQnIjiBdhsAFAp+V5BeTXG+EzDuT/ECSxyWp3g8HAQKHF3hRkrsuuO3zktTeIQ4CBAgQ2JGABGRHkC5D4JzAA5I8faRIJR614/kbR5ZXjACB/Qis+rk1GX0/5q5KgMCJCkhATjTwmr03gVV7C5y/aZWrJXVrhSsHAQJtCNTSuxctqMqzk9y7jSqqBQECBOYvIAGZfwy1oA2BmmxevR7rhmr8TpIvTlJ7ejgIEGhL4IlJHragSrX89di5XG21SG0IECDQoIAEpMGgqNLsBGoCa+1KXst5rjrqxeb7Z9c6FSZwOgKrJqNXD0j1hDgIECBAYEsBCciWgE4/eYFKOl6YpHpAlh1/k6Qmpdeuyw4CBNoWWDYM69HDJqJt117tCBAgMAMBCcgMgqSKzQrUpNXvW5N8vDxJlZN8NBvGyRW7W5KHDCuWPTXJb0y+ghNaFqiYfsWCCloNq+WoqRsBArMSkIDMKlwq25DAI4dJ5Kuq9KvDnJD6ouqYv0D1clVv1/mhdu9Jcs8kPz//5mnBIFC9lRXnC4/6Ob4JJQIECBDYXkACsr2hK5yewJiVrp4x9Hycnk6fLa4Vyy5f0tv1uiQf2WezT7ZV713S8k/Qm3m1TCXhtehGzZmpvw8flcSHlpP9cdFwAtMFJCDTzZxxugKLvoAv0rgiSa2m45i/wP2TVG9XvWgtO6yQNP84X9iCZZsS+tl+35DSC/c5Kq9L+nsMtIgAgX0JSED2Jeu6vQnUF79a6WrVi2hNNq9/nK/qrfEn2J4ahlO9HvX7uuNtSW60rpA/n5XAsiGWpzwPpD7APGXFfiiX+rtvVs+4yhI4qoAE5Kj8bj4TgXoJreTDSlczCdgW1awEsxKPSiTHHl+W5GljCys3CwHzQN4fptsNicfnrtkL5bJhONYsAqySBAgcV0ACclx/d29fYNFwgwtrXStd1QuLMdDtx3NZDSu5rH1a6sv32KPi/qVJfnfsCcrNSsA8kOROSV6c5AZrIle9v5W8+ztwVo+4yhI4noAE5Hj27ty+wNjJ5jU52T+87cdzWQ1rnkfN2VnVw3X+3FrdrGJuaeX5xnxMzU99HkglH7+V5HprsGoO1Cf5eRjzSClDgMCZgATEs0DgAwXqRbQmWd5rDc6ThhdRhvMUqF6rs5V8xrTgT4ehWfVi6uhf4FTngUwdhmgIYv8/C1pIYOcCEpCdk7rgzAXqH9+a73F+r4dFTTLeeb6BrhhX4jFmgnm1soaX1Muolc3mG/NNar5sHsjbk3zIJhds/JypiUf9XNSGjc9uvF2qR4BAgwISkAaDokpHE6gdriv5+OAVNah/dOvFxPCbo4Vp4xtXz1btXD9lgnntb1CJhyF2G7PP+sRl80B6+uo/NfH48yT3S6IncNaPtsoTOK6ABOS4/u7ejkAtL/mVa6pTk47r5VXy0U7cxtZk1UaCi65Ry63WPI/XjL2Bcl0KVOJ50YKWVS/IbWaemE5NPIrhD5PcoctIaxQBAgcVkIAclNvNGhQ429F33ZCrmnhcc0J8CW8wiCuqNGYjwfOnV5xruJWvu/OK875q+4tJ/tWSi891871aVrdWtrrlRLT62Rg7bHHipRUnQODUBCQgpxZx7T0vUF/Fxyy7+oyJw3YoH19gykaCVduaYF7PQq185iBwJlAv669OsuzfyhqiN+bvkJZEaxjpjSdU6JeSfL3lpieIKUqAwFoBCchaIgU6FBjb61FN/+Ykj+3QoNcmTR1WUi9jNcfDPI9en4jt23XvJFeuuMwlM+oxq2GFNQ9qzFEfXiq5MgxxjJYyBAhMEpCATOJSuAOBsb0e1dSHT/jHugOaWTfhhkl+csTSyecbWS9Y9nCZddgPVvllS/JWBd6R5OKhF+1gFdrwRjX06pPXnCvx2BDXaQQIjBeQgIy3UnLeAlN6Pf44yRcacjCbgP/bIfm47sga20hwJJRi1xBYtjFhFXprkts2Pkds2bLCZ42UeHjgCRA4mIAE5GDUbnREgbG9HvZ7OGKQNrj1rZP8YJJLR55rI8GRUIotFKhlnGs40qJVseqEb0vymIbtliVQf5fkLj64NBw5VSPQoYAEpMOgatI/CEzp9aiv4rXErvHO7T9A10ryNUkeneRGI6orsRyBpMgogVW9CC0vVrGq3nOcSD8qWAoRINCugASk3dio2XYCej2282v17DsleWaS+n3MYSPBMUrKjBWoRQ5qVaxFx79J8vyxFzpwuT8b9i258LaVnFebLC9+4IC4HYFTF5CAnPoT0F/79Xr0F9Nq0YcOq5F99cjm1YZptX+DHq2RYIotFaihV3ceXtQvS3LXBSX/X5L/OdKw9t8424OjXvwrOfhHSeo+ddT/V89tJQZV7p1JfjrJl4+8/oXFfi7JPZacq/djQ1SnESCwnYAEZDs/Z7cloNejrXjsqjZflORJS77gXniP1yZ5cMNfondl4jq7Faj9Pj43ybuHF//6kFEJQUsb71Vi8tQktTliDT2s5OQ5a3oval+b2oxz0fH3SW6u92O3D5KrESAwTkACMs5JqbYF9Hq0HZ9Na1erCv3Iip2oz1/3bUm+fdjP4z2b3tB5JyVQPRlfnOS+KyaWzwHkqiULMaxKPqpddjafQ3TVkUCnAhKQTgN7Qs3S69FfsK+d5IphE7QPGdG8X0jylcNQlhHFFTlRgfpQUUnHvRrr2dhFOJ6S5KvOXWhd8lHDum6l92MX9K5BgMAmAhKQTdSc04KAXo8WorD7OnziMMn8jiMu/fokDxvGx48orsiJCdQcivMJx9kci14ZnjckV+uSjzcNy+7WstQOAgQIHEVAAnIUdjfdUkCvx5aADZ5+4ySPS/IVSWqZ3VXHe5P8UJJvTFKr+DgIlEAlGOcTjkpATu14Y5JbrGj0y4feH6tendqTob0EGhOQgDQWENVZKaDXo88HpMbhP/HcykCrWvmKJA9M8uI+KbRqosD5hKP+ftjXUc/dxUsufp8kb5h445pAXhPJX3XuvLOVsc5f6/OH1a9uMvH6i4pLPnaA6BIECOxGQAKyG0dX2b+AXo/9Gx/6DvWF+keTfPaIG9eY9dp48HuS1M7NjtMU2Oc8jlpKt4Yn/cSQULxsWA63lsStBQ5qydoLj3qp32fic3a/ZyX5giTXH+Zt3Gxi+CUfE8EUJ0BgvwISkP36uvr2Ano9tjds7QrXSfJ1Sb4tyQ1GVO6FSR6U5E9GlFWkP4FaCa02+btpkuvtsHk1fO9Fw69aSWrVnjE13+ish+J8FWp56Mt3WKexl3rL0IMyprzkY4ySMgQIHFRAAnJQbjebKPDYYZz/utPqReKRwzCedWX9+XEF/kWSH09yhxHVqK/RDx8mpY8orkhHAtU79vXD8KNaFW1XRy09W0lHJRzVwzH2qHlHi45LhuuNvc6uytXQrY8ecbFanro2OTTnYwSWIgQIHE5AAnI4a3caL3C3JD8z8ut4vVA8wI7X43GPVLImCNfwqf+QZMzfO7WSTyUfbz5Sfd32OAK1RG5tnFe/7+Kor//nezk2veayBGTMs7zpPVedVxsnVtsuWlGohpR9XpJf30cFXJMAAQLbCBzrL89t6uzcvgU+Y9gga92zqddjPs/B/ZL8xzWr85y15o+GJMVL03ziu21NKzmtpKOGMm27clUtLXs+4djVl//WEpDz5ndP8tZz/8fHJHnJxB6ebWPofAIECEwSWPeSN+liChPYUqDme/yPET0fej22hD7Q6fUy+Ywknznifu9K8vgkj0lS/+3oX6B+3msfl+rB3PSYMo9j03vUeS0nINu0y7kECBA4ioAE5CjsbrpAoF5GarLxqs3C9HrM49H54GHuzjePnDRcS+rW0rq11Kmjf4FKOCrx2HT1qN9M8isbzOPYRlYCso2ecwkQIHCBgATEI9GCwJjko8Y717jwVSvVtNCWU6/Dpw6TzMdMkK3hMTXR+GkrvjCfumcv7a/esLPejk12JH9lkqcecaEJCUgvT6J2ECDQhIAEpIkwnHQlxiQfVya570krtd/42pfgeycMp/mp4YW0dm529CuwzaTy6vGsxQhqk8pjf3iQgPT7jGoZAQJHEJCAHAHdLf9BYEzycdnwEoKtXYGKUa1wNWZztJok/OVJXtBuc9RsS4FaoekJST5r2Ltj6uWqt7OSjko+WjkkIK1EQj0IEOhCQALSRRhn2QjJxyzDdo1K1zCr2tOjhl2tO949vFTWjtLvWFfYn89W4HHDsLpN/m2pBQsq8ZiyP8ehoCQgh5J2HwIETkJgk38kTgJGI/cqIPnYK+/eL167UX9Lkm9IUhPO1x21JGhNMv/f6wr689kK1ByPpw+9HlMaUT1iZ70du1oyd8r9x5aVgIyVUo4AAQIjBCQgI5AU2amA5GOnnAe/2L8eJo3fesSd35LkW5P8gEnmI7TmW+SRw3yeKZPLnzcMsaodyVs/Krl69ZJK3r6B+Smt+6kfAQIEPkBAAuKhOKSA5OOQ2ru9V20U99gktxp52Z9L8lVJ/nxkecXmJ1A/z9XrMXY53ZYmlU/Rrrko9fwvOvwbOkVSWQIECAwC/vL0KBxKQPJxKOnd3ee2Sb5y2Jn8I0ZethKOhyZ57sjyis1PoHo6HjHsXD6m9q9LUnN/WppUPqbeVabaWr0fi3p3akPUmmjvIECAAIGJAhKQiWCKbyQg+diI7Sgn1d8JNczqwUnuluRaI2vxniT/KUltPlhDrxx9CtQLd/V61LCkdcebkjwkybPXFWz4zy9P8n1L6mf4VcOBUzUCBNoWkIC0HZ8eaif5mEcUbzH0dNQSuWNeLs+36veGc39rHk1Vyw0EqgegEo/a12PdUUOtamJ5zQ2Z+1H7j9SywhcetWJX7ejuIECAAIENBCQgG6A5ZbSA5GM01dEK3nUYZvWFI1e0Ol/RWhmohtY85mi1d+NDCNSLdvUCjJlkXsOSqvyxNw7chUslW8uGEl6S5EW7uIlrECBA4BQFJCCnGPXDtFnycRjnTe5y42FSbQ2zuniTCyT5iyRfkOS3Nzzfae0LTFlat3o9arjSHOd5LItEJRiVoF941EaJYyfetx9lNSRAgMARBCQgR0A/gVtKPtoMcsWlxuTfJ8kNN6jiG5P8aJIfSlL7Nzj6FZiytG4tqVu9Hi3v4zE1UquW3r2ss0Rrqo3yBAgQ2FpAArI1oQtcICD5aOuRuMGQcFRvx102rFoNq3lKkp9N8ncbXsNp8xCYsrRuJaGVePQ4FGnZ0rvV0zNmKNo8oq2WBAgQOJKABORI8J3eVvLRTmDvMOzD8aUbvjDVi1ZNtK2VrV7ZTrPUZE8C9VL9X5N8ysjrP2mYZN5Tr8dZ08vi9Umuv8DiUZ1Mrh8ZZsUIECCwHwEJyH5cT/Gqko/jR/26SWoyee3dsen+BDWno3o7npXkHcdvkhrsWaBeth+W5FuS1POz7qj5D9Xr8bJ1BWf85zXM8IFL6m/p3RkHVtUJEGhHQALSTizmXBPJx3Gjt8mGgedr/PYkPzUkHi85blPc/YACU1a36mlp3XXE71qSjP1Sks9fd7I/J0CAAIH1AhKQ9UZKrBaQfBznCakNAmujwOrtqI0Dx24YeL62r0jy1GFC7d8epxnuegSBSjxqJ/Ox+730tLTuOu6yqf1OFh21eEMl6g4CBAgQ2FJAArIl4ImfLvk4/ANQGwY+KEltGLhog7R1NapJ5LW3QQ2z6nHy8Lr2n/Kf17C8SjzGDs97d5IvO7EVn5ZtPGjy+Sn/5Gg7AQI7F5CA7Jz0ZC4o+ThsqOulsVayunTkWP0La1crFv1wkqclqeV0HacjUD+rtZHg2MSjZKp3rHrWTmm55VW9H/dI8vOn88hoKQECBPYrIAHZr2+vV6+hPz+TpJZ4XXZYK3830X/mMO785hte7vnDSla/sOH5TpuvQA2xqh6PerEee9QiBFck+fWxJ3RUblnvRw1Bm5K8dUSiKQQIENiPgARkP649X/XTk/xaklXPjuRj+yegls/9kSQfvMGl/nI4t+Z3vG6D850yb4Gzla1qM8GxR71kV/lTHZa3qvfjkhN2Gfv8KEeAAIFJAhKQSVwKJ6kVk/R87O9RqJfH+mp9+Qa3qMSw9u149gbnOmX+AmeJRz07YzfLqyFWlXjUxnunfOj9OOXoazsBAgcXkIAcnHzWN/ymJN+1ogV6PrYL772GsfpjVyequ71lWLXHhoHb2c/97KkrW9Wk6kpUTj3xqLjr/Zj706/+BAjMTkACMruQHa3C9VL80hVfViUfm4embGuScCUgY48aq//kYVlQGwaOVeuv3NSk9Ww/jycm6XEX800iXA4XLTjR3I9NNJ1DgACBEQISkBFIilwtUGPD77rEonYOrqVhHdMFahfqGgIzZshMLYv64zYMnI7c4RnVe1HPzpTesicNz5rE4/0PxFVJ7rnk+TD3o8MfHE0iQKANAQlIG3FovRb1lbX2jlh0vDxJLfPpmCYwZWnUSjz+c5KvS2LDwGnOPZaunsgpP3PPGBKPmufgeL/AqqFXv5/k42ERIECAwH4EJCD7ce3pqvVl/tUrvtDfPoml8FxjAAATpElEQVQXm/ERn7pCUb081tduX63HG/dasp6d5yT57JENrCFE9ey8bGT5Uyq2bh+j2oCx9sxxECBAgMAeBCQge0Dt7JI1SfX+S9r0qOHLamdN3ltzai+Bp48cNlOrE9UX2lNdFnVvQZjphSv5eOHIno9TX1J3XYjXfVT5qySb7ruz7t7+nAABAgTW7OUAiEC9MNdLz6LD0Kvxz0e98NQk87EbwlViZ5LweN/eS9bX+kpc1w27sqTu+idhXSJXCzpcfGI7wK9XU4IAAQI7FtADsmPQji5X/1DXWPNlk1xN0BwX7Oo9qmRizCRzQ2bGmZ5SqXVDhcriPUkeOuwBc0o2m7R1VY9urRBWH10MWdtE1jkECBCYICABmYB1YkVrZabaEG/RUavpbLJR3ikRVuJWX63rhWbdUS8+5V2JioPAmUD1mFXP2arktXa6/wxf7Ec9NKv+TqsLXJqkVsVyECBAgMCeBSQgewae6eXrq2v1fiw6aphH/blJ0cuDe7aT+Zhej+cNyZyJ/DP9YdlTtVet0HR2y1qgYOywvj1VczaXXed5hQ8As4mlihIg0IGABKSDIO6hCTUE4c5Lrusr4XLw6u2oL9brxurXFSqRq14kX1z38ADP/JKrhgmdNU0v5Pgg18/jryX50CWnSOTGWypJgACBnQhIQHbC2NVF6qW4XqIXHfW1fspu3V3BrGhM9XSc9XqMabMN4cYonV6ZsYsVXJakkhTHeoG7D0n+tZcUtZjGekMlCBAgsHMBCcjOSWd9wZq3UEOvFg0dqnkK9eeGXl0zxJWQVcI2ZkfqetmpBM/SurP+MdlL5detzlQ3rZ/BGkqk12x9COrnsX4uV30wMZx0vaMSBAgQ2IuABGQvrLO9aL0Y33VJ7Y2RvibMmBecszPqxbEmmNckWAeBCwXGLLNrhaZxz83ZRp+V6K+ag8VznKdSBAgQ2IuABGQvrLO8aH0pfO6SmtfysGNWc5plwzeo9MOGZGLMJPOyq6/WJplvAH0Cp1Ri/z1Jlg0RKoLqOaufT8/Q6gdiSm+kuWwn8MOliQQItCsgAWk3NoesWb1Iv3bFJM3be/m5Ohz1pbqGdYxJxuoLa32FNVb/kE/yvO51p2HPiVV/D1fyUc+boY/LYzvl57Ku8stJ/uW8HhW1JUCAQF8CEpC+4rlpa34jyactObl25T71oUNnwzrGOtSqOpV8eGnc9Ik8jfOqd+wzVzTV6kyrn4Opiz/Uho1PTvI1p/F4aSUBAgTaFZCAtBubQ9Xs3kmuXHIzK8S8L5H4ziQ3HBGQmtRaw61MMh+BpcjVQ6put8TBMrurH5D6uayV58YMg6wr1YeUmoflo4AfPAIECDQgIAFpIAhHrkL9g3zRkjpccsIv05VI1Nj8m4+MjxeckVCKXS1QL85vXmJRL9bfwWmhwJS9duoC5mB5kAgQINCggASkwaAcsEo1pKhedhYdtXHXshWxDljFg96qXgrvPwyfGrOs7tkLTn2Nrc0bHQTGCixb9OFtSW409iInVG7KqnPFojfyhB4OTSVAYH4CEpD5xWxXNa5/0F+95GJ/l+Rjh3/Ed3W/lq8zdunO822oSeaVwNWwDgeBqQLLdjs37+OaklN/Ni15PfVJVJ4AAQJHEJCAHAG9kVuu2vPjfkl+spF67rMalYRVD1ANt5py1I7w1ethWdQpasqeF1g2/8Mu5+9XmrKsbp1l8Qc/YwQIEJiJgARkJoHacTXrhfvpS65ZL9erdg/ecVWOcrkaR15DraYmHn+f5OuGpXiPUnE37UKglo196ZKW3OTEJ0rXR4EvSfJVSW45Mto1z6N6Iy3+MBJMMQIECBxbQAJy7Agc/v41pKGGXi1aPaaGL9TLUa9f9ivxqB6PMft4nI/MXyV5luU7D/+wdnrH6j2r/WQuPE5x1bn6e6jmmtXPZH34GDv3quzstdPpD4hmESDQv4AEpP8YX9jCZWPPq1ztytzjnIbq6ajEY8rLTXnUl9Xyspng6f2c7LPFy4Y/nsqeO+cTjvrgsclh1blN1JxDgACBRgQkII0E4kDVqK+ML1xyr96+vm6yotUZjSEdB3ogT/A2q5bf/YROV1OrJON80rFN2C2ru42ecwkQINCIgASkkUAcqBqrNj7r5eVn6qo55+lrEmuNJe91CNqBHjO3WSFQvYxPWPDnNZxo7KZ6rQNXT+P5hGMX7Xp9kvua59F66NWPAAEC4wQkIOOceii1as+PHnZdrh2ln5/kjhODVS9+NcSqhp5JPCbiKT5Z4FVJPnrBWVcOL9iTL9jACdvM4xhT/VNYGGOMgzIECBDoRkAC0k0oVzZk1Z4ftWFXDZGoHdHnenxTkkcnufaEBpztF1CJx5zbPqHJijYgUM/aRQvq8fgk39hA/cZW4WHDnKoa1rnpPI5l96rhoL+f5BVJnnlC+xGNtVeOAAECsxeQgMw+hKMa8IYkH7Gk5KVJrhp1lfYK1ctPLSc8ZXJ5JVzVG2RieXvxPIUavSnJzRY09B5Jfr5hgOrluOewElwlHNfaYV3rZ7Im5p/90hO5Q1yXIkCAQIsCEpAWo7LbOj0uyTcsueRchzZUwlHLmE7Zr8SKVrt9rlxtM4GXJPnnC069pMH5DWeTx2sVuV32clTv4/mE42WbUTqLAAECBOYqIAGZa+TG1/u1SW67oPjbknz8zOY9nE0wrx6MsYcVrcZKKXcIgWVL8LaSgFRSXxPIp+7Jsc6ufg7PJx3ryvtzAgQIEOhYQALScXCHpi0b8vHkJA+ZUfOn7uVR48fvNrMEa0bhUNUNBVpLQM6GVlXCUUMad7FiVdHUPI7zCYd5Vhs+ME4jQIBAjwISkB6jes02vSXJjRY08/YzeTmvoR813Grs7uX14vPQJL/ef2i1cIYCyxKQHxhe2muVrLOjfm7PVsz64yRvHX6WL/z/pjLcMsmnJfmcDVaNW3Yv8zimRkF5AgQInLCABKT/4L93SRNbj319ia3Eo3o+xhz1AnT5jCfUj2mjMvMXeHGST55/M65uQS1u8ZwkT+t0A8VOwqQZBAgQaE+g9ZfQ9sTmVaNlO5+3vut5JRKPGDkcxHK683omT722f5bkNjNFOOvlqFXz5rpy3kzpVZsAAQJ9CUhA+ornha2pcd3PXdDEmhA6dkjTIYWmLqtbq3hVsmLZzkNGyb22EVi2D8g219znufWx4izhsFrVPqVdmwABAickIAHpO9jLdj9/1LAXRiutn7qsbr0UVeJR4+kdBOYk8PokNQej5aMS+0o66udLct9ypNSNAAECMxWQgMw0cCOrXZvt3X9B2SuS1A7gxz5ul+SxSe4zsiI13KqSqhbqPrLKihG4hkAlzjW3qaXD0KqWoqEuBAgQOAEBCUjfQW5tyc/Srt6O2lH5fknuMoH/SUPyYTnPCWiKNilQSUh9GPjYJPV3cC0UUb//5TCx+51Draun5GxZ3Hrua9L3ov9vSiOvP/wM1u81pOrbrBg3hU9ZAgQIENiFgARkF4rtXqN6DG68oHqHXoK35nZU0rHJ5mY1X6Ve2Iw/b/c5UzMCBAgQIECAwGgBCchoqlkWPNYSvGebm1XiUUnHJpubWVZ3lo+cShMgQIAAAQIEVgtIQPp9Qh6U5EcWNO/NSW66h2afDa0621F501tYVndTOecRIECAAAECBGYgIAGZQZA2rOKyya5/leTmG17z/GmVcNROypXo/OMkt9jBNf9kuKaVd3aA6RIECBAgQIAAgRYFJCAtRmU3dbp3kisXXOqPkvyTCbeoRKNWq6rhVPXf9WuXe4i8O0ktTfoEq1tNiIqiBAgQIECAAIGZCkhAZhq4EdVe1gPypiQfvuL8mq/x35P80yTXGXGfTYrUPh61QlctE2xy+SaCziFAgAABAgQIzFRAAjLTwI2o9uOSfMOScpcOG40t+uO/TnKTEdefWqQ2N6ukozY4M8Rqqp7yBAgQIECAAIFOBCQgnQRyQTPuluQXljSv9hSopXgv3FPj55LcY0ckNZm8ko2zHZXt37EjWJchQIAAAQIECMxZQAIy5+itr/ufJbnNkmI1FOt/JalVsW6V5OJhk7P1V11e4hVJXmBo1TaEziVAgAABAgQI9C0gAek7vjWf41VJbranZv5+kppE/gdJasjX7+7pPi5LgAABAgQIECDQiYAEpJNArmhGrVj1wi2bWbuR17yN+lXzOM7+e8vLOp0AAQIECBAgQODUBCQgpxHxJyZ52AZNrSFVn7pgrsgGl3IKAQIECBAgQIAAgUQCchpPQQ3FemOS605o7l8k+TjJxwQxRQkQIECAAAECBNYKSEDWEnVT4Iphs78xDfrbJHdK8qdjCitDgAABAgQIECBAYKyABGSsVB/lPj3J1ya5dZJ3JalVst4+/O/a++O9SX4rydf00VytIECAAAECBAgQaE1AAtJaRNSHAAECBAgQIECAQMcCEpCOg6tpBAgQIECAAAECBFoTkIC0FhH1IUCAAAECBAgQINCxgASk4+BqGgECBAgQIECAAIHWBCQgrUVEfQgQIECAAAECBAh0LCAB6Ti4mkaAAAECBAgQIECgNQEJSGsRUR8CBAgQIECAAAECHQtIQDoOrqYRIECAAAECBAgQaE1AAtJaRNSHAAECBAgQIECAQMcCEpCOg6tpBAgQIECAAAECBFoTkIC0FhH1IUCAAAECBAgQINCxgASk4+BqGgECBAgQIECAAIHWBCQgrUVEfQgQIECAAAECBAh0LCAB6Ti4mkaAAAECBAgQIECgNQEJSGsRUR8CBAgQIECAAAECHQtIQDoOrqYRIECAAAECBAgQaE1AAtJaRNSHAAECBAgQIECAQMcCEpCOg6tpBAgQIECAAAECBFoTkIC0FhH1IUCAAAECBAgQINCxgASk4+BqGgECBAgQIECAAIHWBCQgrUVEfQgQIECAAAECBAh0LCAB6Ti4mkaAAAECBAgQIECgNQEJSGsRUR8CBAgQIECAAAECHQtIQDoOrqYRIECAAAECBAgQaE1AAtJaRNSHAAECBAgQIECAQMcCEpCOg6tpBAgQIECAAAECBFoTkIC0FhH1IUCAAAECBAgQINCxgASk4+BqGgECBAgQIECAAIHWBCQgrUVEfQgQIECAAAECBAh0LCAB6Ti4mkaAAAECBAgQIECgNQEJSGsRUR8CBAgQIECAAAECHQtIQDoOrqYRIECAAAECBAgQaE1AAtJaRNSHAAECBAgQIECAQMcCEpCOg6tpBAgQIECAAAECBFoTkIC0FhH1IUCAAAECBAgQINCxgASk4+BqGgECBAgQIECAAIHWBCQgrUVEfQgQIECAAAECBAh0LCAB6Ti4mkaAAAECBAgQIECgNQEJSGsRUR8CBAgQIECAAAECHQtIQDoOrqYRIECAAAECBAgQaE1AAtJaRNSHAAECBAgQIECAQMcCEpCOg6tpBAgQIECAAAECBFoTkIC0FhH1IUCAAAECBAgQINCxgASk4+BqGgECBAgQIECAAIHWBCQgrUVEfQgQIECAAAECBAh0LCAB6Ti4mkaAAAECBAgQIECgNQEJSGsRUR8CBAgQIECAAAECHQtIQDoOrqYRIECAAAECBAgQaE1AAtJaRNSHAAECBAgQIECAQMcCEpCOg6tpBAgQIECAAAECBFoTkIC0FhH1IUCAAAECBAgQINCxgASk4+BqGgECBAgQIECAAIHWBCQgrUVEfQgQIECAAAECBAh0LCAB6Ti4mkaAAAECBAgQIECgNQEJSGsRUR8CBAgQIECAAAECHQtIQDoOrqYRIECAAAECBAgQaE1AAtJaRNSHAAECBAgQIECAQMcCEpCOg6tpBAgQIECAAAECBFoTkIC0FhH1IUCAAAECBAgQINCxgASk4+BqGgECBAgQIECAAIHWBCQgrUVEfQgQIECAAAECBAh0LCAB6Ti4mkaAAAECBAgQIECgNQEJSGsRUR8CBAgQIECAAAECHQtIQDoOrqYRIECAAAECBAgQaE1AAtJaRNSHAAECBAgQIECAQMcCEpCOg6tpBAgQIECAAAECBFoTkIC0FhH1IUCAAAECBAgQINCxgASk4+BqGgECBAgQIECAAIHWBCQgrUVEfQgQIECAAAECBAh0LCAB6Ti4mkaAAAECBAgQIECgNQEJSGsRUR8CBAgQIECAAAECHQtIQDoOrqYRIECAAAECBAgQaE1AAtJaRNSHAAECBAgQIECAQMcCEpCOg6tpBAgQIECAAAECBFoTkIC0FhH1IUCAAAECBAgQINCxgASk4+BqGgECBAgQIECAAIHWBCQgrUVEfQgQIECAAAECBAh0LCAB6Ti4mkaAAAECBAgQIECgNQEJSGsRUR8CBAgQIECAAAECHQtIQDoOrqYRIECAAAECBAgQaE1AAtJaRNSHAAECBAgQIECAQMcCEpCOg6tpBAgQIECAAAECBFoTkIC0FhH1IUCAAAECBAgQINCxgASk4+BqGgECBAgQIECAAIHWBCQgrUVEfQgQIECAAAECBAh0LCAB6Ti4mkaAAAECBAgQIECgNQEJSGsRUR8CBAgQIECAAAECHQtIQDoOrqYRIECAAAECBAgQaE1AAtJaRNSHAAECBAgQIECAQMcCEpCOg6tpBAgQIECAAAECBFoTkIC0FhH1IUCAAAECBAgQINCxgASk4+BqGgECBAgQIECAAIHWBCQgrUVEfQgQIECAAAECBAh0LCAB6Ti4mkaAAAECBAgQIECgNYH/D/fK43iRB5F6AAAAAElFTkSuQmCC','2023-05-28 16:55:38');

/*Table structure for table `activity_enroll` */

DROP TABLE IF EXISTS `activity_enroll`;

CREATE TABLE `activity_enroll` (
  `enroll_id` int NOT NULL AUTO_INCREMENT COMMENT '报名id',
  `user_id` int NOT NULL COMMENT '用户id',
  `activity_id` int NOT NULL COMMENT '活动id',
  `time_id` int NOT NULL COMMENT '活动时间id',
  `participant_id` int NOT NULL COMMENT '参与者id',
  `staff_id` int NOT NULL COMMENT '职工id',
  `contract_id` int DEFAULT NULL COMMENT '合同id',
  `user_remarks` varchar(128) CHARACTER SET utf8mb4 COLLATE utf8mb4_0900_ai_ci NOT NULL COMMENT '用户备注',
  `publish_time` timestamp NOT NULL DEFAULT CURRENT_TIMESTAMP COMMENT '提交时间',
  PRIMARY KEY (`enroll_id`)
) ENGINE=InnoDB AUTO_INCREMENT=26 DEFAULT CHARSET=utf8mb4 COLLATE=utf8mb4_0900_ai_ci;

/*Data for the table `activity_enroll` */

insert  into `activity_enroll`(`enroll_id`,`user_id`,`activity_id`,`time_id`,`participant_id`,`staff_id`,`contract_id`,`user_remarks`,`publish_time`) values (21,16,20,20,55,2,18,'备注','2023-05-14 14:17:19'),(22,1,2,3,33,2,19,'','2023-05-28 16:53:37'),(23,1,1,2,33,2,NULL,'','2023-10-30 17:40:17'),(24,1,1,2,42,2,NULL,'','2023-10-30 17:40:17'),(25,1,2,3,42,2,NULL,'123','2023-10-30 17:42:37');

/*Table structure for table `activity_header` */

DROP TABLE IF EXISTS `activity_header`;

CREATE TABLE `activity_header` (
  `header_id` int NOT NULL AUTO_INCREMENT COMMENT '头图id',
  `activity_id` int NOT NULL COMMENT '活动id',
  `header_path` varchar(128) CHARACTER SET utf8mb4 COLLATE utf8mb4_0900_ai_ci NOT NULL COMMENT '头图地址',
  PRIMARY KEY (`header_id`)
) ENGINE=InnoDB AUTO_INCREMENT=31 DEFAULT CHARSET=utf8mb4 COLLATE=utf8mb4_0900_ai_ci;

/*Data for the table `activity_header` */

insert  into `activity_header`(`header_id`,`activity_id`,`header_path`) values (1,1,'http://localhost:8080/images/activity_header/1.jpg'),(2,1,'http://localhost:8080/images/activity_header/2.jpg'),(3,2,'http://localhost:8080/images/activity_header/3.jpg'),(4,2,'http://localhost:8080/images/activity_header/4.jpg');

/*Table structure for table `activity_img` */

DROP TABLE IF EXISTS `activity_img`;

CREATE TABLE `activity_img` (
  `img_id` int NOT NULL AUTO_INCREMENT COMMENT '图片id',
  `activity_id` int NOT NULL COMMENT '活动id',
  `img_path` varchar(128) CHARACTER SET utf8mb4 COLLATE utf8mb4_0900_ai_ci NOT NULL COMMENT '图片地址',
  PRIMARY KEY (`img_id`)
) ENGINE=InnoDB AUTO_INCREMENT=29 DEFAULT CHARSET=utf8mb4 COLLATE=utf8mb4_0900_ai_ci;

/*Data for the table `activity_img` */

insert  into `activity_img`(`img_id`,`activity_id`,`img_path`) values (1,1,'http://localhost:8080/images/activity_img/1.jpg'),(2,1,'http://localhost:8080/images/activity_img/2.jpg'),(3,2,'http://localhost:8080/images/activity_img/3.jpg'),(4,2,'http://localhost:8080/images/activity_img/4.jpg');

/*Table structure for table `activity_lost_article` */

DROP TABLE IF EXISTS `activity_lost_article`;

CREATE TABLE `activity_lost_article` (
  `lost_article_id` int NOT NULL AUTO_INCREMENT COMMENT '失物招领id',
  `user_id` int NOT NULL COMMENT '用户id',
  `lost_article_name` varchar(32) CHARACTER SET utf8mb4 COLLATE utf8mb4_0900_ai_ci NOT NULL COMMENT '物品名称',
  `lost_article_describe` varchar(32) CHARACTER SET utf8mb4 COLLATE utf8mb4_0900_ai_ci NOT NULL COMMENT '物品描述',
  `lost_article_img` varchar(256) CHARACTER SET utf8mb4 COLLATE utf8mb4_0900_ai_ci NOT NULL COMMENT '物品图片地址',
  `publish_time` timestamp NOT NULL DEFAULT CURRENT_TIMESTAMP COMMENT '发布时间',
  PRIMARY KEY (`lost_article_id`)
) ENGINE=InnoDB AUTO_INCREMENT=19 DEFAULT CHARSET=utf8mb4 COLLATE=utf8mb4_0900_ai_ci;

/*Data for the table `activity_lost_article` */

insert  into `activity_lost_article`(`lost_article_id`,`user_id`,`lost_article_name`,`lost_article_describe`,`lost_article_img`,`publish_time`) values (17,16,'鞋子','鞋子','http://localhost:8080/images/lost_article_img/16_0086b5d9-c80a-454f-810b-6be25a883f42lost1.png','2023-05-14 14:12:04'),(18,1,'123','123','http://localhost:8080/images/lost_article_img/1_6a701d0e-4c7a-4149-a03d-3da96aa45c28xxw.jpg','2023-05-28 17:00:56');

/*Table structure for table `activity_module` */

DROP TABLE IF EXISTS `activity_module`;

CREATE TABLE `activity_module` (
  `module_id` int NOT NULL AUTO_INCREMENT COMMENT '模块id',
  `module_name` varchar(32) NOT NULL COMMENT '模块名称',
  `module_path` varchar(128) NOT NULL COMMENT '模块路径',
  PRIMARY KEY (`module_id`)
) ENGINE=InnoDB AUTO_INCREMENT=20 DEFAULT CHARSET=utf8mb4 COLLATE=utf8mb4_0900_ai_ci;

/*Data for the table `activity_module` */

insert  into `activity_module`(`module_id`,`module_name`,`module_path`) values (1,'数据看板','/homeadmin/data'),(2,'通知管理','/homeadmin/notice'),(3,'意见反馈','/homeadmin/optionManage'),(4,'失物招领','/homeadmin/lostarticlemanage'),(5,'活动分类','/homeadmin/classification'),(6,'时间管理','/homeadmin/date'),(7,'活动管理','/homeadmin/activitymanage'),(8,'合同列表','/homeadmin/contractmanage'),(9,'协议管理','/homeadmin/agreementmanage'),(10,'报名管理','/homeadmin/enrollmanage'),(11,'用户管理','/homeadmin/usermanage'),(12,'员工管理','/homeadmin/staffmanage'),(13,'参与者管理','/homeadmin/participantmanage'),(14,'收藏管理','/homeadmin/collectionmanage'),(15,'相册管理','/homeadmin/albummanage'),(16,'签到管理','/homeadmin/signinmanage'),(17,'角色管理','/homeadmin/rolemanage'),(18,'权限管理','/homeadmin/powermanage'),(19,'模块管理','/homeadmin/modulemanage');

/*Table structure for table `activity_notice` */

DROP TABLE IF EXISTS `activity_notice`;

CREATE TABLE `activity_notice` (
  `notice_id` int NOT NULL AUTO_INCREMENT COMMENT '通知id',
  `notice_content` varchar(128) CHARACTER SET utf8mb4 COLLATE utf8mb4_0900_ai_ci NOT NULL COMMENT '通知内容',
  PRIMARY KEY (`notice_id`)
) ENGINE=InnoDB AUTO_INCREMENT=2 DEFAULT CHARSET=utf8mb4 COLLATE=utf8mb4_0900_ai_ci;

/*Data for the table `activity_notice` */

insert  into `activity_notice`(`notice_id`,`notice_content`) values (1,'2023年天狼暑期夏令营招生报名开始啦！！');

/*Table structure for table `activity_option` */

DROP TABLE IF EXISTS `activity_option`;

CREATE TABLE `activity_option` (
  `option_id` int NOT NULL AUTO_INCREMENT,
  `user_id` int NOT NULL,
  `option_content` varchar(128) NOT NULL,
  `option_time` timestamp NOT NULL DEFAULT CURRENT_TIMESTAMP,
  PRIMARY KEY (`option_id`)
) ENGINE=InnoDB AUTO_INCREMENT=10 DEFAULT CHARSET=utf8mb4 COLLATE=utf8mb4_0900_ai_ci;

/*Data for the table `activity_option` */

insert  into `activity_option`(`option_id`,`user_id`,`option_content`,`option_time`) values (1,1,'意见反馈内容11','2023-03-27 15:54:55'),(9,1,'gyu','2023-05-28 17:01:19');

/*Table structure for table `activity_participant` */

DROP TABLE IF EXISTS `activity_participant`;

CREATE TABLE `activity_participant` (
  `participant_id` int NOT NULL AUTO_INCREMENT COMMENT '参与者id',
  `participant_name` varchar(32) NOT NULL COMMENT '参与者姓名',
  `participant_height` varchar(32) NOT NULL COMMENT '身高',
  `participant_weight` varchar(32) NOT NULL COMMENT '体重',
  `participant_card` varchar(32) NOT NULL COMMENT '身份证号',
  `participant_sex` varchar(1) NOT NULL COMMENT '性别',
  `user_id` int DEFAULT NULL COMMENT '绑定的用户id',
  PRIMARY KEY (`participant_id`)
) ENGINE=InnoDB AUTO_INCREMENT=57 DEFAULT CHARSET=utf8mb4 COLLATE=utf8mb4_0900_ai_ci;

/*Data for the table `activity_participant` */

insert  into `activity_participant`(`participant_id`,`participant_name`,`participant_height`,`participant_weight`,`participant_card`,`participant_sex`,`user_id`) values (33,'参与者1','166','70','342225199902256232','男',1),(42,'参与者2','177','75','342225199902256232','男',1),(43,'参与者3','188','80','342225199902256232','男',2),(47,'参与者XXX','123','123','342225199902256232','女',5),(48,'参与者XXXX','123','123','342225199902256232','男',5),(55,'测试','188','80','342225199902256232','男',16),(56,'测试1','180','70','342225199902256233','女',16);

/*Table structure for table `activity_picture` */

DROP TABLE IF EXISTS `activity_picture`;

CREATE TABLE `activity_picture` (
  `picture_id` int NOT NULL AUTO_INCREMENT COMMENT '图片id',
  `album_id` int NOT NULL COMMENT '相册id',
  `picture_img` varchar(128) NOT NULL COMMENT '图片地址',
  `staff_id` int NOT NULL COMMENT '职工id',
  `publish_time` timestamp NOT NULL DEFAULT CURRENT_TIMESTAMP COMMENT '上传时间',
  PRIMARY KEY (`picture_id`)
) ENGINE=InnoDB AUTO_INCREMENT=46 DEFAULT CHARSET=utf8mb4 COLLATE=utf8mb4_0900_ai_ci;

/*Data for the table `activity_picture` */

insert  into `activity_picture`(`picture_id`,`album_id`,`picture_img`,`staff_id`,`publish_time`) values (1,1,'http://localhost:8080/images/picture_img/1.jpg',1,'2023-03-28 09:59:07'),(2,1,'http://localhost:8080/images/picture_img/2.jpg',1,'2023-03-28 09:59:22'),(3,1,'http://localhost:8080/images/picture_img/3.jpg',1,'2023-03-28 09:59:28'),(4,1,'http://localhost:8080/images/picture_img/4.jpg',1,'2023-03-28 09:59:41'),(5,2,'http://localhost:8080/images/picture_img/5.png',1,'2023-03-28 10:00:32'),(6,2,'http://localhost:8080/images/picture_img/6.jpg',1,'2023-03-28 10:00:37'),(7,2,'http://localhost:8080/images/picture_img/7.jpg',1,'2023-03-28 10:00:41'),(8,2,'http://localhost:8080/images/picture_img/8.jpg',1,'2023-03-28 10:00:48'),(9,1,'http://localhost:8080/images/picture_img/5.png',1,'2023-03-28 13:23:31'),(10,1,'http://localhost:8080/images/picture_img/6.jpg',1,'2023-03-28 13:24:08');

/*Table structure for table `activity_power` */

DROP TABLE IF EXISTS `activity_power`;

CREATE TABLE `activity_power` (
  `power_id` int NOT NULL AUTO_INCREMENT COMMENT '权限id',
  `power_name` varchar(32) NOT NULL COMMENT '权限名称',
  `module_id` varchar(128) CHARACTER SET utf8mb4 COLLATE utf8mb4_0900_ai_ci DEFAULT '[]' COMMENT '模块id（数组）',
  PRIMARY KEY (`power_id`)
) ENGINE=InnoDB AUTO_INCREMENT=7 DEFAULT CHARSET=utf8mb4 COLLATE=utf8mb4_0900_ai_ci;

/*Data for the table `activity_power` */

insert  into `activity_power`(`power_id`,`power_name`,`module_id`) values (1,'用户','[1]'),(2,'管理员','[3,4,5,6,7,8,9,10,11,12,13,14,15,16,17,18,19,2,1]'),(6,'测试','[1]');

/*Table structure for table `activity_role` */

DROP TABLE IF EXISTS `activity_role`;

CREATE TABLE `activity_role` (
  `role_id` int NOT NULL AUTO_INCREMENT COMMENT '角色id',
  `role_name` varchar(32) NOT NULL COMMENT '角色名称',
  `role_describe` varbinary(64) NOT NULL COMMENT '角色描述',
  `power_id` int DEFAULT NULL COMMENT '权限id',
  PRIMARY KEY (`role_id`)
) ENGINE=InnoDB AUTO_INCREMENT=7 DEFAULT CHARSET=utf8mb4 COLLATE=utf8mb4_0900_ai_ci;

/*Data for the table `activity_role` */

insert  into `activity_role`(`role_id`,`role_name`,`role_describe`,`power_id`) values (1,'用户','用户',1),(2,'管理员','管理员',2),(6,'角色1','角色1',1);

/*Table structure for table `activity_sign_in` */

DROP TABLE IF EXISTS `activity_sign_in`;

CREATE TABLE `activity_sign_in` (
  `sign_in_id` int NOT NULL AUTO_INCREMENT COMMENT '签到id',
  `enroll_id` int NOT NULL COMMENT '报名id',
  `is_sign_in` int NOT NULL COMMENT '是否签到',
  `sign_in_time` timestamp NOT NULL DEFAULT CURRENT_TIMESTAMP COMMENT '签到时间',
  PRIMARY KEY (`sign_in_id`)
) ENGINE=InnoDB AUTO_INCREMENT=23 DEFAULT CHARSET=utf8mb4 COLLATE=utf8mb4_0900_ai_ci;

/*Data for the table `activity_sign_in` */

insert  into `activity_sign_in`(`sign_in_id`,`enroll_id`,`is_sign_in`,`sign_in_time`) values (20,20,1,'2023-05-14 12:48:10'),(21,21,1,'2023-05-14 14:17:48'),(22,22,1,'2023-05-28 16:55:07');

/*Table structure for table `activity_staff` */

DROP TABLE IF EXISTS `activity_staff`;

CREATE TABLE `activity_staff` (
  `staff_id` int NOT NULL AUTO_INCREMENT COMMENT '职工id',
  `staff_name` varchar(16) NOT NULL COMMENT '职工姓名',
  `staff_avatar` varchar(256) CHARACTER SET utf8mb4 COLLATE utf8mb4_0900_ai_ci NOT NULL DEFAULT 'http://localhost:8080/images/staff_avatar/github.png' COMMENT '职工头像',
  `staff_card` varchar(32) NOT NULL COMMENT '职工身份证号',
  `role_id` int NOT NULL DEFAULT '2' COMMENT '角色id',
  `staff_phone` varchar(16) NOT NULL COMMENT '职工手机号',
  `staff_status` varchar(1) CHARACTER SET utf8mb4 COLLATE utf8mb4_0900_ai_ci NOT NULL DEFAULT '1' COMMENT '职工状态',
  `staff_info` varchar(256) NOT NULL COMMENT '职工简介',
  `staff_time` timestamp NOT NULL DEFAULT CURRENT_TIMESTAMP COMMENT '注册时间',
  `password` varchar(16) NOT NULL COMMENT '密码',
  PRIMARY KEY (`staff_id`)
) ENGINE=InnoDB AUTO_INCREMENT=19 DEFAULT CHARSET=utf8mb4 COLLATE=utf8mb4_0900_ai_ci;

/*Data for the table `activity_staff` */

insert  into `activity_staff`(`staff_id`,`staff_name`,`staff_avatar`,`staff_card`,`role_id`,`staff_phone`,`staff_status`,`staff_info`,`staff_time`,`password`) values (1,'白鲨','http://localhost:8080/images/staff_avatar/4e569cf6-ca4f-4af7-a116-ef9c8b5d7b46github.png','342225199902256232',2,'13359074748','1','我是白鲨的描述','2023-03-27 15:35:35','123'),(2,'猎鹰','http://localhost:8080/images/staff_avatar/github.png','342225199902256232',2,'18949973181','1','我是猎鹰的描述','2023-03-27 15:43:40','123'),(3,'猛犸','http://localhost:8080/images/staff_avatar/github.png','342225199902256232',2,'18949981187','1','我是猛犸的描述','2023-03-29 16:41:44','123'),(4,'飞虎','http://localhost:8080/images/staff_avatar/github.png','342225199902256232',2,'13731992152','1','我是飞虎的描述','2023-04-05 17:48:09','123'),(5,'山鹰','http://localhost:8080/images/staff_avatar/github.png','342225199902256232',2,'12345678900','1','我是山鹰的描述','2023-04-05 17:48:08','123'),(6,'云雀','http://localhost:8080/images/staff_avatar/github.png','342225199902256232',2,'12345678901','1','我是云雀的描述','2023-04-05 17:48:18','123'),(7,'剑龙','http://localhost:8080/images/staff_avatar/github.png','342225199902256232',2,'12345678902','1','我是剑龙的描述','2023-04-05 17:48:39','123'),(8,'山猫','http://localhost:8080/images/staff_avatar/github.png','342225199902256232',2,'12345678903','1','我是山猫的描述','2023-04-05 17:48:54','123'),(9,'云霄','http://localhost:8080/images/staff_avatar/github.png','342225199902256232',2,'12345678904','1','我是云霄的描述','2023-04-05 17:48:58','123'),(10,'狼犬','http://localhost:8080/images/staff_avatar/github.png','342225199902256232',2,'12345678905','1','我是狼犬的描述','2023-04-05 17:49:05','123'),(11,'战虎','http://localhost:8080/images/staff_avatar/github.png','342225199902256232',2,'12345678906','1','我是战虎的描述','2023-04-05 17:49:27','123');

/*Table structure for table `activity_time` */

DROP TABLE IF EXISTS `activity_time`;

CREATE TABLE `activity_time` (
  `time_id` int NOT NULL AUTO_INCREMENT COMMENT '时间id',
  `time_name` varchar(64) CHARACTER SET utf8mb4 COLLATE utf8mb4_0900_ai_ci NOT NULL COMMENT '时间名称',
  `activity_id` int DEFAULT NULL COMMENT '活动id',
  `time_content` varchar(64) CHARACTER SET utf8mb4 COLLATE utf8mb4_0900_ai_ci NOT NULL COMMENT '时间段',
  `person_sum` int NOT NULL COMMENT '人数限制',
  `is_sign_in` int NOT NULL DEFAULT '0' COMMENT '是否开启签到',
  PRIMARY KEY (`time_id`)
) ENGINE=InnoDB AUTO_INCREMENT=22 DEFAULT CHARSET=utf8mb4 COLLATE=utf8mb4_0900_ai_ci;

/*Data for the table `activity_time` */

insert  into `activity_time`(`time_id`,`time_name`,`activity_id`,`time_content`,`person_sum`,`is_sign_in`) values (1,'2023-07-01',1,'2023-07-01',50,1),(2,'2023-08-01',1,'2023-08-01',60,1),(3,'2023-12-20',2,'2023-12-20',60,1),(20,'测试',NULL,'2023-05-14~2023-05-14',1,1),(21,'123',NULL,'2024-04-10~2024-05-15',10,0);

/*Table structure for table `activity_users` */

DROP TABLE IF EXISTS `activity_users`;

CREATE TABLE `activity_users` (
  `user_id` int NOT NULL AUTO_INCREMENT COMMENT '用户id',
  `username` varchar(32) NOT NULL COMMENT '用户名',
  `password` varchar(32) NOT NULL COMMENT '密码',
  `parent_name` varchar(32) NOT NULL COMMENT '姓名',
  `participant_id` varchar(64) CHARACTER SET utf8mb4 COLLATE utf8mb4_0900_ai_ci DEFAULT '[]' COMMENT '参与者id（数组）',
  `phone` varchar(16) CHARACTER SET utf8mb4 COLLATE utf8mb4_0900_ai_ci NOT NULL COMMENT '手机号',
  `user_avatar` varchar(256) CHARACTER SET utf8mb4 COLLATE utf8mb4_0900_ai_ci NOT NULL DEFAULT 'http://localhost:8080/images/user_avatar/github.png' COMMENT '用户头像地址',
  `role_id` int NOT NULL DEFAULT '1' COMMENT '角色id',
  `user_status` int NOT NULL DEFAULT '1' COMMENT '用户状态',
  `user_time` timestamp NOT NULL DEFAULT CURRENT_TIMESTAMP COMMENT '注册时间',
  PRIMARY KEY (`user_id`),
  UNIQUE KEY `phone` (`phone`)
) ENGINE=InnoDB AUTO_INCREMENT=17 DEFAULT CHARSET=utf8mb4 COLLATE=utf8mb4_0900_ai_ci;

/*Data for the table `activity_users` */

insert  into `activity_users`(`user_id`,`username`,`password`,`parent_name`,`participant_id`,`phone`,`user_avatar`,`role_id`,`user_status`,`user_time`) values (1,'用户1','123456','用户1父母','[33,42]','13359074748','http://localhost:8080/images/user_avatar/github.png',1,1,'2023-03-25 15:33:02'),(2,'用户2','123456','用户2父母','[43]','13731992152','http://localhost:8080/images/user_avatar/github.png',1,1,'2023-04-02 19:42:35'),(3,'用户3','123456','用户3父母','[]','18949981187','http://localhost:8080/images/user_avatar/github.png',1,1,'2023-04-03 20:56:54'),(4,'用户4','123456','用户4父母','[]','13866871187','http://localhost:8080/images/user_avatar/github.png',1,1,'2023-04-04 09:17:34'),(5,'用户5','123456','用户5父母','[47,48]','13866688500','http://localhost:8080/images/user_avatar/github.png',1,1,'2023-05-11 16:47:09'),(16,'修改后','123456','测试','[55,56]','18888888888','http://localhost:8080/images/user_avatar/16_f42ffa4c-db2d-499c-ac1a-e7b9f79a04cfavatar.png',1,1,'2023-05-14 14:10:00');

/*!40101 SET SQL_MODE=@OLD_SQL_MODE */;
/*!40014 SET FOREIGN_KEY_CHECKS=@OLD_FOREIGN_KEY_CHECKS */;
/*!40014 SET UNIQUE_CHECKS=@OLD_UNIQUE_CHECKS */;
/*!40111 SET SQL_NOTES=@OLD_SQL_NOTES */;
